授業名・教員,単位,年次,学期,キャンパス,成績評価
経営総論(統一) 早川佐知子・鳥居陽介・森田広大,2単位,1年次,春学期,和泉キャンパス,"8.成績評価の方法
各分野33点満点(会計分野は34点満点)の定期試験100%で評価します。
*対面クラスにおいては、分野ごとに定期試験受験の前提となる課題を出
題する場合があるので、各分野の教員の説明をしっかり確認すること。
*対面クラスの定期試験は対面形式で実施します。"
経営総論〔M〕 【特設】,2単位,1年次,春学期,不明,"8.成績評価の方法
オンラインクラス:各分野で出題される動画に関するクイズやリアクショ
ンペーパー等の提出やオンライン試験(経営分野33%、公共経営分野33%、
会計分野34%)で評価します。
*オンラインクラスでの動画に関するクイズやリアクションペーパーは、分
野によって出題方法や成績評価対象とするかどうかなど、対応が異なる場合
があるので、各分野担当教員からの説明をしっかり確認すること。
*オンラインクラスの定期試験はオンラインにて実施します。"
経営学(統一) 不明,2単位,1年次,秋学期,和泉キャンパス,"8.成績評価の方法
オンラインテスト、課題レポート、試験などを合算して総合的に評価します。詳細は、秋学期開始の際に「シ
ラバスの補足」でお知らせします。"
会計学(統一) 不明,2単位,1年次,秋学期,和泉キャンパス,"8.成績評価の方法
成績は「第1回から第14回の確認テストの得点(満点130)/130」で換算して評価する。
なお、成績付与の条件として、確認テスト全 14 回中のうち11 回以上受験していることとす
る。ボーナス点の付与など、詳しくは第1回の授業で説明するので、必ず視聴すること。"
公共経営学(統一) 不明,2単位,1年次,秋学期,和泉キャンパス,"8.成績評価の方法
定期試験(52%)、レポート(30%)、グループ・ディスカッション(18%)の
合計で成績評価します。"
不明,不明,不明,不明,不明,該当なし
近代経済学A(統一) 三上真寛・鶴田靖人・栗田健一・山下裕歩,2単位,1年次,春学期,和泉キャンパス,"8.成績評価の方法
定期試験(50%)、レポート課題または小テスト等(50%)によ
り、上記目標の達成度を総合的に評価する。"
近代経済学B(統一) 三上真寛・鶴田靖人・栗田健一・山下裕歩,2単位,1年次,秋学期,和泉キャンパス,"8.成績評価の方法
定期試験(50%)、レポート課題または小テスト等(50%)によ
り、上記目標の達成度を総合的に評価する。"
近代経済学A〔M〕 三上真寛,2単位,1年次,春学期,不明,"8.成績評価の方法
オンライン試験(50%)、レポート課題または小テスト等(50%)によ
り、上記目標の達成度を総合的に評価する。
※対面形式での試験は行わない。"
近代経済学B〔M〕 三上真寛,2単位,1年次,秋学期,不明,"8.成績評価の方法
オンライン試験(50%)、レポート課題または小テスト等(50%)によ
り、上記目標の達成度を総合的に評価する。
※対面形式での試験は行わない。"
言語思想A 岡部英男,2単位,1年次,春学期,和泉キャンパス,"8.成績評価の方法
試験の成績(70%)と出席・小テスト(30%)。小テスト(1回
6点)は5回予定。授業にまじめに取り組まなければ,出席しただけ
では,小テストはできません。小テストを遅れて提出することも可
能ですが減点します(1ヶ月以内は2点減点、それ以降は3点減点)。"
言語思想B 岡部英男,2単位,1年次,秋学期,和泉キャンパス,"8.成績評価の方法
試験の成績(70%)と出席・小テスト(30%)。小テスト(1回
6点)は5回予定。授業にまじめに取り組まなければ,出席しただけ
では,小テストはできません。小テストを遅れて提出することも可
能ですが減点します(1ヶ月以内は2点減点、それ以降は3点減点)。"
SocialThought 枝村祥平,2単位,1年次,春学期,和泉キャンパス,"8.成績評価の方法
*ReactionPaper3x14=42%
*FinalExam58%
*Extracredits"
倫理思想A 宇田川尚人,2単位,1年次,春学期,和泉キャンパス,"8.成績評価の方法
毎回の課題の(Oh-Meiji上への)提出(40%)と学期末のレポートか試験(60%)で総合
的に成績を評価する。
試験かレポートかは学生の希望も考慮するが,受講者人数が80人以上になった場合は試験
になる可能性が高い。
3分の2以上の授業への参加と課題の提出を学期末レポート提出および期末試験受験の最
低条件とする。
* 毎回の課題提出は単なる出席調査ではないので,書かれた内容の理解度,適切な質問等
の度合いに応じて,-2~+2点の間で平常点として加点してゆく。
* レポートまたは試験いずれでも50点以下は不合格とする。"
倫理思想B 宇田川尚人,2単位,1年次,秋学期,和泉キャンパス,"8.成績評価の方法
毎回の課題の(Oh-Meiji上への)提出(40%)と学期末のレポートか試験(60%)で総合
的に成績を評価する。
試験かレポートかは学生の希望も尊重するが,受講者人数が70人以上になった場合は試験
になる可能性が高い。
3分の2以上の授業への参加と課題の提出を学期末レポート提出および期末試験受験の最
低条件とする。
* 毎回の課題提出は単なる出席調査ではないので,書かれた内容の理解度,適切な質問等
の度合いに応じて,-2~+2点の間で平常点として加点または減点してゆく。"
宗教思想 枝村祥平,2単位,1年次,秋学期,和泉キャンパス,"8.成績評価の方法
・リアクションペーパー 3x14=42%
・期末テスト 58%
・ボーナスポイント課題あり"
哲学基礎論 枝村祥平,2単位,3年次,春学期,駿河台キャンパス,"8.成績評価の方法
・リアクションペーパー3x14=42%
・期末テスト58%
・ボーナスポイント課題あり"
哲学 枝村祥平,2単位,3年次,秋学期,駿河台キャンパス,"8.成績評価の方法
・リアクションペーパー 3x14=42%
・期末テスト 58%
・ボーナスポイント課題あり"
数学A 高澤陽太朗,2単位,1年次,春学期,和泉キャンパス,"8.成績評価の方法
各回の講義内に行うアクティビティ30%+各回に出題される講義
後の小レポート70%
期限締切後のレポート提出は原則評価しないことに注意。
4回以上の欠席者は成績評価対象外になります。"
数学B 高澤陽太朗,2単位,1年次,秋学期,和泉キャンパス,"8.成績評価の方法
各回の講義内に行うアクティビティ30%+各回に出題される講義
後の小レポート70%
期限締切後のレポート提出は原則評価しないことに注意。
4回以上の欠席者は成績評価対象外になります。"
数学A 船越正太,2単位,1年次,春学期,和泉キャンパス,"8.成績評価の方法
定期試験(60%)と平常点(40%)により評価する。出席が授
業回数の3分の2に満たない者は単位の認定を受けることができな
い。"
数学B 船越正太,2単位,1年次,秋学期,和泉キャンパス,"8.成績評価の方法
定期試験(60%)と平常点(40%)により評価する。出席が授
業回数の3分の2に満たない者は単位の認定を受けることができな
い。"
統計学A 鶴田靖人,2単位,1年次,春学期,和泉キャンパス,"8.成績評価の方法
期末試験(60%)、課題(40%)"
統計学B 鶴田靖人,2単位,1年次,秋学期,和泉キャンパス,"8.成績評価の方法
期末試験(60%)、課題(40%)"
生物学A 福原敏行,2単位,1年次,春学期,和泉キャンパス,"8.成績評価の方法
講義毎のレポート課題 50%
中間試験 25%
期末試験 25%"
生物学B 福原敏行,2単位,1年次,秋学期,和泉キャンパス,"8.成績評価の方法
講義毎のレポート 50%
中間試験 25%
期末試験 25%"
物理学A 奥出信一郎,2単位,1年次,春学期,和泉キャンパス,"8.成績評価の方法
トータルの成績
=期末試験の成績 + 毎回の小テストの成績累計 + 出席点
ただし、足し算が100点を超えた場合は、上限100点とします。
学期末の試験で90%決めます。
出席点は1講義で1点とし、累計をとります
必要に応じて,基本的には各講義の後に、小テストを実施(各回、5問、5点満点)します。小テストの
各回の成績の累計は学期末の試験に加算します。
追試が必要な場合は,追試を行ないます。"
物理学B 奥出信一郎,2単位,1年次,秋学期,和泉キャンパス,"8.成績評価の方法
トータルの成績
=期末試験の成績 + 毎回の小テストの成績累計 + 出席点
ただし、足し算が100点を超えた場合は、上限100点とします。
学期末の試験で90%決めます。
出席点は1講義で1点とし、累計をとります
必要に応じて,基本的には各講義の後に、小テストを実施(各回、5問、5点満点)します。
小テストの各回の成績の累計は学期末の試験に加算します。
追試が必要な場合は,追試を行ないます。"
化学A 久冨木志郎,2単位,1年次,春学期,和泉キャンパス,"8.成績評価の方法
中間・期末テスト(30%)、各章終了時のレポート(30%)、各章単元
に関する小テスト(30%)、受講態度(10%)を合計し成績とする。レ
ポートは、化学に関連した経済についてのトピックを出題する。"
化学B 久冨木志郎,2単位,1年次,秋学期,和泉キャンパス,"8.成績評価の方法
中間・期末テスト(30%)、各章終了時のレポート(30%)、各章単元
に関する小テスト(30%)、受講態度(10%)を合計し成績とする。レ
ポートは、化学に関連した経済についてのトピックを出題する。"
自然科学思想史A 河村豊,2単位,1年次,春学期,和泉キャンパス,"8.成績評価の方法
講義で実施するリアクション課題(出席票を利用する予定)に対して合計20%,Web型式の中間試験で30%,
期末試験を50%として,評価する。"
自然科学思想史B 河村豊,2単位,1年次,秋学期,和泉キャンパス,"8.成績評価の方法
講義で実施するリアクション課題(出席票を利用する予定)に対して合計20%,中間試験で30%,期末試験を
50%として,評価する。"
文化人類学 岡庭義行,2単位,1年次,春学期,和泉キャンパス,"8.成績評価の方法
レポート課題(60%),小レポート(30%),授業への参加状況(10
%)"
文化人類学 岡庭義行,2単位,1年次,秋学期,和泉キャンパス,"8.成績評価の方法
レポート課題(60%),小レポート(30%),授業への参加状況(10
%)"
生理学A 一之瀬真志,2単位,1年次,春学期,和泉キャンパス,"8.成績評価の方法
平常点(20%)と期末試験(80%)により評価します。"
生理学B 一之瀬真志,2単位,1年次,秋学期,和泉キャンパス,"8.成績評価の方法
平常点(20%)と期末試験(80%)により評価します。"
健康科学A 鈴井正敏,2単位,1年次,春学期,和泉キャンパス,"8.成績評価の方法
定期試験(100%)により評価します。"
健康科学B 鈴井正敏,2単位,1年次,秋学期,和泉キャンパス,"8.成績評価の方法
定期試験(100%)により評価します。"
スポーツ・レジャー・レクリエーション論 吉松梓,2単位,1年次,春学期,和泉キャンパス,"8.成績評価の方法
毎回の授業のリアクションシート(24%)と小テスト(36%),
試験(40%)を総合的に評価する。"
現代社会とスポーツ 田中充洋,2単位,1年次,秋学期,和泉キャンパス,"8.成績評価の方法
期末試験(80%)を実施します。また,授業への貢献度(10%)
に加え,その時々に話題となるスポーツ問題に関するミニレポート
(10%)を総合的に評価します。"
トレーニングの科学 一之瀬真志,2単位,1年次,秋学期,和泉キャンパス,"8.成績評価の方法
平常点(20%)と期末試験(80%)により評価します。"
レポート・論文作成法 【全体概要】,2単位,1年次,不明,和泉キャンパス,"8.成績評価の方法
演習形式の授業ですから、発表や討論への積極的な参加、課題提
出などが求められます。それらの平常点50%と最後に提出する論
文50%の総合で評価します。"
レポート・論文作成法 畑中基紀,2単位,1年次,春学期,和泉キャンパス,"8.成績評価の方法
演習形式の授業ですから,発表や討論への積極的な参加,課題提出などが求め
られます。それらの平常点50%と最後に提出する論文50%の総合で評価します。"
レポート・論文作成法 森田直美,2単位,1年次,秋学期,和泉キャンパス,"8.成績評価の方法
演習形式の授業ですから,発表や討論への積極的な参加,課題提出など
が求められます。それらの平常点50%と最後に提出する論文50%の総合
で評価します。"
レポート・論文作成法 岡崎直也,2単位,1年次,春学期,和泉キャンパス,"8.成績評価の方法
演習形式の授業ですから,発表や討論への積極的な参加,課題提
出などが求められます。それらの平常点50%と最後に提出する論
文50%の総合で評価します。"
レポート・論文作成法 高橋雄生,2単位,1年次,春学期,和泉キャンパス,"8.成績評価の方法
演習形式の授業ですから,発表や討論への積極的な参加,課題提
出などが求められます。それらの平常点50%と最後に提出する論
文50%の総合で評価します。"
レポート・論文作成法 田原加奈子,2単位,1年次,秋学期,和泉キャンパス,"8.成績評価の方法
演習形式の授業ですから,発表や討論への積極的な参加,課題提出
などが求められます。それらの平常点50%と最後に提出する論文50%
の総合で評価します。"
レポート・論文作成法 堂野前彰子,2単位,1年次,春学期,和泉キャンパス,"8.成績評価の方法
演習形式の授業ですから、発表や討論への積極的な参加、課題提出など
が求められます。それらの平常点50%と最後に提出する論文50%の総合
で評価します。"
レポート・論文作成法 永野宏志,2単位,1年次,春学期,和泉キャンパス,"8.成績評価の方法
演習形式の授業ですから,発表や討論への積極的な参加,課題提出などが求められます。
それらの平常点50%と最後に提出する論文50%の総合で評価します。"
言語表現論 【全体概要】,2単位,1年次,不明,和泉キャンパス,"8.成績評価の方法
各担当教員のシラバスを参照してください。"
言語表現論 畑中基紀,2単位,1年次,秋学期,和泉キャンパス,"8.成績評価の方法
授業期間内の課題を含む平常点3割,期末レポート7割。"
言語表現論 森田直美,2単位,1年次,秋学期,和泉キャンパス,"8.成績評価の方法
授業への参加態度(ワークシートの内容を含む)50%,期末テスト(持
ち込み可)50%を目安として総合的に評価する。"
言語表現論 岡崎直也,2単位,1年次,秋学期,和泉キャンパス,"8.成績評価の方法
期末試験〔50%〕期間内の課題を主とする平常点〔50%〕"
言語表現論 高橋雄生,2単位,1年次,秋学期,和泉キャンパス,"8.成績評価の方法
平常点20%。1000字程度のレポートを4回で60%。300字程度
のレポート2回で20%。"
言語表現論 堂野前彰子,2単位,1年次,秋学期,和泉キャンパス,"8.成績評価の方法
成績は、平常点:30%と期末レポート(試験代替):70%によって評価します。"
言語表現論 永野宏志,2単位,1年次,秋学期,和泉キャンパス,"8.成績評価の方法
a.毎回マンダラチャートを配布するので授業中に記入していただき,そこに記した単語をもとに,授業終
盤に質問を出します。最後の10分程度の時間でそれに回答していただいて出席扱いとします。(70%)
b.学期末に最終レポート(3000字以上)を出題します。(30%)"
吉川あゆみ 手話コミュニケーション(初級)I,1単位,1年次,春学期,和泉キャンパス,"8.成績評価の方法
*平常点80%+レポート10%+春学期内容の確認10%
*レポートの提出と確認テストの受験は必須です。"
吉川あゆみ 手話コミュニケーション(初級)II,1単位,1年次,秋学期,和泉キャンパス,"8.成績評価の方法
*平常点80%+レポート10%+秋学期内容の確認10%
*レポートの提出と確認テストの受験は必須です。"
外国文学(英米)〔M〕 辻昌宏,2単位,1年次,春学期,和泉キャンパス,"8.成績評価の方法
動画視聴と小テスト70%,Oh!-Meijiのディスカッションを利用
して質問や意見及び感想の表明10%、期末試験(リアルタイム配
信で実施)20%の組み合わせにより評価する。"
外国文学(ドイツ) 竹内拓史,2単位,1年次,春学期,和泉キャンパス,"8.成績評価の方法
授業への参加及び毎授業ごとの質問の提出42%,レポート58%の
予定です。授業の進行具合によって若干変更となる場合があります。"
外国文学(フランス) 折方のぞみ,2単位,1年次,春学期,和泉キャンパス,"8.成績評価の方法
・平常点(出席,授業参加,リアぺなどの提出物)50%
・履修人数や顔ぶれによって変わりますが、配布資料と自筆ノート
持ち込みでの記述式の学期末試験を予定しています。 50%
上記の割合については目安です。"
日本語論A 戸村佳代,2単位,1年次,春学期,和泉キャンパス,"8.成績評価の方法
(1) 学期末に行う試験(70%)
(2) 平常点(30%)
※授業で取り組むワークシート、リアクションペーパーの内容などを平常点と
する。
※ワークシートの提出により出席を確認する。
※5回以上欠席した者(ワークシート未提出が5回以上)は期末試験を受けら
れない。
※リアクションペーパーの提出が5回未満の場合には不合格となる可能性が高い。"
日本語論B 戸村佳代,2単位,1年次,秋学期,和泉キャンパス,"8.成績評価の方法
(1) 学期末に行う試験(70%)
(2) 平常点(30%)
※授業で取り組むワークシート、リアクションペーパーの内容などを平常点とする。
※ワークシートの提出により出席を確認する。
※5回以上欠席した者は期末試験を受けられない。
※リアクションペーパーの提出が5回未満の場合には不合格となる可能性が高い。"
日本文学A/B 【全体概要】,2単位,1年次,不明,和泉キャンパス,"8.成績評価の方法
各担当教員のシラバスを参照してください。"
日本文学A 森田直美,2単位,1年次,秋学期,和泉キャンパス,"8.成績評価の方法
授業への参加態度(毎回提出するワークシートの内容を含む)50%,期末テ
スト(持ち込み可)50%
上記を目安として総合的に評価します。"
日本文学A 高橋雄生,2単位,1年次,春学期,和泉キャンパス,"8.成績評価の方法
レポート1回20点。4回のレポートを課すので,合計80点。授
業への参加度20点。合計100点満点で評価する。"
日本文学A 田原加奈子,2単位,1年次,秋学期,和泉キャンパス,"8.成績評価の方法
授業への取り組み,前後の課題50%
中間,期末レポート50%"
日本文学B 畑中基紀,2単位,1年次,秋学期,和泉キャンパス,"8.成績評価の方法
期末レポート(70%)+平常点(30%。授業時間内に,その日
の内容に関連した小さな課題を提示して小論文を書いていただくな
ど,受講者自身が考える機会を設けながら進めていく予定です)"
日本文学B 岡崎直也,2単位,1年次,秋学期,和泉キャンパス,"8.成績評価の方法
授業時レポートや質疑応答などの授業への取り組み方〔100%〕。
ただし期末レポートを課す場合もある。その場合は期末レポート〔50
%〕,授業時レポートや質疑応答などの授業への取り組み方〔50%〕。"
日本文学B 永野宏志,2単位,1年次,秋学期,和泉キャンパス,"8.成績評価の方法
a.毎回マンダラチャートを配布するので授業中に記入していただき,そこに記した単語をもとに,授業終盤に質問
を出します。最後の10分程度の時間でそれに回答していただいて出席扱いとします。(70%)
b.学期末に創作的な記述試験を行います。(30%)"
日本文学(現代) 岡崎直也,2単位,3年次,秋学期,駿河台キャンパス,"8.成績評価の方法
学期末試験〔50%〕・授業時小レポートや質疑応答などの授業へ
の取り組み方〔50%〕"
西洋史(総論) 薩摩秀登,2単位,1年次,春学期,和泉キャンパス,"8.成績評価の方法
授業で出される課題:70%
期末試験あるいは期末レポート:30%"
西洋史(各論) 薩摩秀登,2単位,1年次,秋学期,和泉キャンパス,"8.成績評価の方法
授業で出される課題:70%
期末試験あるいは期末レポート:30%"
法学A 尾棹司,2単位,1年次,春学期,和泉キャンパス,"8.成績評価の方法
期末試験(80%)と中間レポート(20%)で評価します。"
法学B 尾棹司,2単位,1年次,秋学期,和泉キャンパス,"8.成績評価の方法
期末試験(80%)と中間レポート(20%)で評価します。"
地理学A 中澤高志,2単位,1年次,春学期,和泉キャンパス,"8.成績評価の方法
レポート3回×20点(800字程度)+最終レポート40点。"
地理学B 中澤高志,2単位,1年次,秋学期,和泉キャンパス,"8.成績評価の方法
レポート3回(800字程度)×20点+最終レポート40点。"
政治学A 鎌江一平,2単位,1年次,春学期,和泉キャンパス,"8.成績評価の方法
・授業への貢献度(70%)、期末レポート(30%)で評価する。60%以上の得点は単位の取
得を認める。
・授業への貢献(70%):出席、課題提出(リアクション・ペーパー)
授業への貢献度は、全授業14回の内ランダムな回に実施するリアクションペーパーの提出
をもって査定する。
リアクション・ペーパーは、
1授業内容を要約し、
2それを踏まえた上での自分の意見・感想をバランスよく記述したものとなること。
(授業の内容を押さえずに自分の独善的関心や意見・表明を書くものはNG)
課題提出用紙は、講義開始後約30分後に配布。それ以降の用紙は遅刻扱い。
用紙8~9割程度埋める、行間は詰める、文字の大きさは常識の範囲内
・期末レポート(30%):期末にA4用紙2枚程度を提出。課題は追って通知。"
政治学B 鎌江一平,2単位,1年次,秋学期,和泉キャンパス,"8.成績評価の方法
・授業への貢献度(70%)、期末レポート(30%)で評価する。60%以上の得点は単位の取
得を認める。
・授業への貢献(70%):出席、課題提出(リアクション・ペーパー)
授業への貢献度は、全授業14回の内ランダムな回に実施するリアクションペーパーの提出
をもって査定する。
リアクション・ペーパーは、
1授業内容を要約し、
2それを踏まえた上での自分の意見・感想をバランスよく記述したものとなること。
(授業の内容を押さえずに自分の独善的関心や意見・表明を書くものはNG)
課題提出用紙は、講義開始後約30分後に配布。それ以降の用紙は遅刻扱い。
用紙8~9割程度埋める、行間は詰める、文字の大きさは常識の範囲内
・期末レポート(30%):期末にA4用紙2枚程度を提出。課題は追って通知。"
社会学A 山下充,2単位,1年次,春学期,和泉キャンパス,"8.成績評価の方法
毎回出題する理解度確認テスト(半期合計48点)と,毎回の授業内容に関する記述式課題
(13回分を52点換算)としますので,この授業は定期試験はおこないません。【なお,Oh-o!
Meijiのテスト機能などを通して,テスト・記述課題の方式を授業開始までに変更することが
あります。Oh-o!Meijiの初回授業を確認してください。定期試験をおこなわないことについ
ては,変更はありません。】"
社会学B 山下充,2単位,1年次,秋学期,和泉キャンパス,"8.成績評価の方法
毎回出題する理解度確認テスト(半期合計48点)と,毎回の授業内容に関する記述式課題
(13回分を52点換算)としますので,この授業は定期試験はおこないません。【なお,Oh-o!
Meijiのテスト機能などを通して,テスト・記述課題の方式を授業開始までに変更することが
あります。Oh-o!Meijiの初回授業を確認してください。定期試験をおこなわないことについ
ては,変更はありません。】"
社会学A〔M〕 山下充,2単位,1年次,春学期,不明,"8.成績評価の方法
毎回2題程度出題する理解度確認テスト(1問2点で半期合計48点)と,毎回の授業内容に関
する記述式課題(13回分を52点換算)としますので,この授業は定期試験はおこないません。
【なお,Oh-o!Meijiのテスト機能などを通して,テスト・記述課題の方式を授業開始までに変更
することがあります。Oh-o!Meijiの初回授業を確認してください。定期試験をおこなわないこ
とについては,変更はありません。】"
社会学B〔M〕 山下充,2単位,1年次,秋学期,不明,"8.成績評価の方法
毎回2題程度出題する理解度確認テスト(1問2点で半期合計48点)と,毎回の授業内容
に関する記述式課題(13回分を52点換算)としますので,この授業は定期試験はおこない
ません。【なお,Oh-o!Meijiのテスト機能などを通して,テスト・記述課題の方式を授業開
始までに変更することがあります。Oh-o!Meijiの初回授業を確認してください。定期試験を
おこなわないことについては,変更はありません。】"
"GlobalIssuesA バーニンガー,ジョージ",2単位,1年次,春学期,和泉キャンパス,"8.成績評価の方法
Evaluationwillbemadeupofthefollowing:
Homeworkfromtextbook(15%)
Quizzes/summaries(10%)
Activedailyparticipation(25%)
Midtermpresentation(25%)
Finalpresentation(25%)"
"GlobalIssuesB バーニンガー,ジョージ",2単位,1年次,秋学期,和泉キャンパス,"8.成績評価の方法
Evaluationwillbemadeupofthefollowing:
Homeworkfromtextbook(15%)
Quizzes/summaries(10%)
Activedailyparticipation(25%)
Midtermpresentation(25%)
Finalpresentation(25%)"
"Global Issues A デュプリス,ジョン",2単位,1年次,春学期,和泉キャンパス,"8.成績評価の方法
GradingandEvaluation
Attendanceandclassparticipation:30%
Homework15%In-classquizzes15%Finalpresentationand
writtenreport40%
(NOTE:Morethan3unexcusedabsenceswillresultinafail(3
lates=1absence))"
"Global Issues B デュプリス,ジョン",2単位,1年次,秋学期,和泉キャンパス,"8.成績評価の方法
Attendanceandclassparticipation:30%
Homework15%In-classquizzes15%Finalpresentationand
writtenreport40%
(NOTE:Morethan3unexcusedabsenceswillresultinafail(3
lates=1absence))"
"Global Issues A モロー,ロバート J",2単位,1年次,春学期,和泉キャンパス,"8.成績評価の方法
ClassParticipation,discussions,reflectionwriting,andworksheets 30%
Project#1researchnotesandpresentation 25%
Project#2 researchnotesandpresentation 25%
Midtermtest 10%
Finaltest 10%"
"Global Issues B モロー,ロバート J",2単位,1年次,秋学期,和泉キャンパス,"8.成績評価の方法
ClassParticipation,discussions,reflectionwriting,andworksheets 30%
Project#1researchnotesandpresentation 25%
Project#2researchnotesandpresentation 25%
Midtermtest 10%
Finaltest 10%"
"Global Issues A ウォッシュ,イアン",2単位,1年次,春学期,和泉キャンパス,"8.成績評価の方法
・Activeparticipation:30%
・Classworkandhomework(mini-presentations,discussions,reflection
papers,etc):40%
・Studentarticleshareworksheets:30%"
"Global Issues B ウォッシュ,イアン",2単位,1年次,秋学期,和泉キャンパス,"8.成績評価の方法
・Activeparticipation:30%
・Classworkandhomework(e.g.mini-presentations,discussions,
reflectionpapers):40%
・Studentarticleshareworksheets:30%"
"GlobalIssuesC ウォッシュ,イアン",2単位,2年次,春学期,和泉キャンパス,"8.成績評価の方法
•Activeparticipation:30%
•Classworkandhomework(Preparationworksheets,classroomdiscussions,etc):50%
•Finalpresentation:20%"
"GlobalIssuesD ウォッシュ,イアン",2単位,2年次,秋学期,和泉キャンパス,"8.成績評価の方法
•Activeparticipation:30%
•Classworkandhomework(Preparationworksheets,classroomdiscussions,etc):40%
•Finalpresentation:30%"
心理学〔M〕 中西晶,2単位,1年次,春学期,不明,"8.成績評価の方法
毎回の授業に応じたワークの成果(Oh-O!Meijiのアンケート機能を
使用予定)各回5点×13回=65点
最終回での全体の理解度確認テスト(Oh-O!Meijiの小テスト機能を
使用予定)35点
合計100点満点で評価する。"
心理学〔M〕 中西晶,2単位,1年次,秋学期,不明,"8.成績評価の方法
毎回の授業に応じたワークの成果(Oh-O!Meijiのアンケート機能を
使用予定)各回5点×13回=65点
最終回での全体の理解度確認テスト(Oh-O!Meijiの小テスト機能を
使用予定)35点
合計100点満点で評価する。"
教養演習A 一之瀬真志,2単位,1年次,春学期,和泉キャンパス,"8.成績評価の方法
平常点(30%),発表(15%),討論への参加(25%),レポー
ト(30%)。"
教養演習A 宇野毅,2単位,1年次,春学期,和泉キャンパス,"8.成績評価の方法
平常点(50%)・授業への参加や貢献度・リポート等(計50%)に
よる総合評価。ペーパー試験は行なわない予定である。"
教養演習A 金子敦子,2単位,1年次,春学期,和泉キャンパス,"8.成績評価の方法
レポート・プレゼンテーション( 2) 40%;課題・小テスト40%;授業貢
献:20%
出席:14回の授業のうち,3回を超える欠席がある場合,単位取得はでき
ない。遅刻は3回で欠席1回とする。"
教養演習A 薩摩秀登,2単位,1年次,春学期,和泉キャンパス,"8.成績評価の方法
平常点(授業に対する態度)100%
小テストを実施した場合は、30%を小テストにあてる。"
教養演習A 鈴井正敏,2単位,1年次,春学期,和泉キャンパス,"8.成績評価の方法
授業への貢献度(60%),レポート(40%)により評価します。"
教養演習A 田中充洋,2単位,1年次,春学期,和泉キャンパス,"8.成績評価の方法
平常点(出席状況,授業への貢献度:80%)と,数回行われる
ミニレポート(20%)により評価します。"
教養演習A 辻昌宏,2単位,1年次,春学期,和泉キャンパス,"8.成績評価の方法
学期末の試験35%,リアクション・ペーパー(複数回)35%,
質問や意見表明など積極的な授業態度30%"
教養演習A 畑一成,2単位,1年次,春学期,和泉キャンパス,"8.成績評価の方法
期末試験:50%(「到達目標」の記載内容を測る試験を行う)
授業への参加:50%(授業時の発表やグループワーク、ミニレポ
ートの参加度と達成度を測る)
※授業への参加状況や態度によって減点する場合がある。
※授業を3分の1以上欠席した場合、評価の対象としない。"
教養演習A 松野裕,2単位,1年次,春学期,和泉キャンパス,"8.成績評価の方法
ほぼ100%の出席を単位取得の前提とする。
課題の提出状況の状況90%,その他の活動状況10%,の割合で
成績を評価する。"
教養演習A 吉松梓,2単位,1年次,春学期,和泉キャンパス,"8.成績評価の方法
授業への貢献度(55%),ふりかえりシート(30%),期末レポ
ート(15%)を総合的に評価する。"
教養演習A 高巖,2単位,1年次,春学期,和泉キャンパス,"8.成績評価の方法
評価は以下の2点を合計して行う。
発表の点数(50点)と出席点(50点)。"
教養演習A 山下佳江,2単位,1年次,春学期,和泉キャンパス,"8.成績評価の方法
Attendanceandclasswork 80
Reports  20
*Therewillbenoquizzesorexams."
教養演習B 宇野毅,2単位,1年次,秋学期,和泉キャンパス,"8.成績評価の方法
授業出席(50%)とリポート(50%)を総合的に勘案して評価する。"
教養演習B 薩摩秀登,2単位,1年次,秋学期,和泉キャンパス,"8.成績評価の方法
平常点(授業に対する態度)100%
小テストを実施した場合は、30%を小テストにあてる。"
教養演習B 辻昌宏,2単位,1年次,秋学期,和泉キャンパス,"8.成績評価の方法
授業での発表30%、リアクションペーパー40%、学期末試験30%
割。
発表に関しては、必ず書籍を参照し、補助的にインタネットを参照
すること。"
教養演習B 真継左和子,2単位,1年次,秋学期,和泉キャンパス,"8.成績評価の方法
Classparticipation( 30%)
Quizzes,homework,andmini-presentations( 40%)
FinalPresentation( 30%)"
教養演習B 松野裕,2単位,1年次,秋学期,和泉キャンパス,"8.成績評価の方法
ほぼ100%の出席を単位取得の前提とする。
課題の提出状況の状況90%,その他の活動状況10%,の割合で
成績を評価する。"
教養演習B 高巖,2単位,1年次,秋学期,和泉キャンパス,"8.成績評価の方法
評価は以下の2点を合計して行う。
発表の点数(50点)と出席点(50点)。"
Liberal Arts Seminar in Foreign Languages A 統一,2単位,1年次,春学期,和泉キャンパス,"8.成績評価の方法
Classparticipation:30%
CVandpersonalstatement:15%
MSBALecturesummary/response:10%
MTTest5%
Presentation15%
FinalTest:25%
S=90-100%;A=80-89%;B=70-79%;C=60-69%F=lessthan60%T=absentfromcourse"
Liberal Arts Seminar in Foreign Languages B 統一,2単位,1年次,秋学期,和泉キャンパス,"8.成績評価の方法
Attendance&Classparticipation:30%
MSBAEnglishlecturesummary&response:10%
1styear-Portfolio:15%
Grouppresentation:15%
Mid-termtest(incl.listeningtest):10%
Finaltest(incl.listeningtest):20%
S=90-100%;A=80-89%;B=70-79%;C=60-69%F=lessthan60%T=absentfromcourse"
LiberalArtsSeminarinForeignLanguagesC 枝村祥平,2単位,1年次,春学期,和泉キャンパス,"8.成績評価の方法
Attendance&Classparticipation42
ReactionPaper28
IndividualPresentation30
100"
LiberalArtsSeminarinForeignLanguagesD 枝村祥平,2単位,1年次,秋学期,和泉キャンパス,"8.成績評価の方法
Attendance&Classparticipation42
ReactionPaper28
IndividualPresentation30
100"
LiberalArtsSeminarinForeignLanguagesC 永井裕久,2単位,1年次,春学期,和泉キャンパス,"8.成績評価の方法
Activeparticipationinclassdiscussionsandactivities:80%
Presentationofcompany""ME"":20%"
LiberalArtsSeminarinForeignLanguagesD 永井裕久,2単位,1年次,秋学期,和泉キャンパス,"8.成績評価の方法
Activeparticipationinclassdiscussionsandactivities:80%
Finalpresentation:20%"
日本事情 森永由紀,不明,1年次,秋学期,和泉キャンパス,8.成績評価の方法
日本事情 兼子歩,不明,1年次,秋学期,和泉キャンパス,"8.成績評価の方法
各授業後に課題が課せられます。授業中にリアクションペーパーを
記入し授業終了時に提出する場合や指定期限までにOh-o!Meijiシス
テム等で提出する場合があります。各回のリアクションペーパーが
担当教員によって採点され、最終的に集計された結果が期末評価と
なります。"
日本事情 倉石信乃,不明,1年次,春学期,生田キャンパス,"8.成績評価の方法
授業参加の態度・感想ノート(4回程度)80%、まとめの感想ノー
ト20%、合計100%を満点とする。
注意事項:「感想ノート」の作成に際し、生成AI(ChatGPT、Bing
チャット等)を利用を禁じる。
また、WEB等にある文献から引用・参照を行う場合は、引用・参
照部分を明示し、自身の「感想」に係わる記述と分けて記述するこ
と。拙くとも、自分自身の見解を書くことが求められているのであ
り、そちらの方を積極的に評価する。また文章の「量」も多ければ
それだけ、高評価となりうる。
以 上"
日本事情 加原奈穂子,不明,1年次,秋学期,生田キャンパス,"8.成績評価の方法
平常点(講義への出席と授業態度、毎回の授業で提出するコメント
シートの考察など)60%と期末試験40%。
*単位取得には授業回数の3分の2以上出席し、且つ期末試験の成
績を総合して合格と判断されることが必要です。"
経営総合講義A 高木俊雄,2単位,1年次,春学期,和泉キャンパス,"8.成績評価の方法
実践形式の授業であることから,日々の授業への取り組みを重視し,授
業内でのディスカッション等での成果やレポートをもとに評価します。授
業への取り組み・参加40点,報告内容30点,レポート30点。"
経営総合講義A 鈴村美代子,2単位,1年次,春学期,和泉キャンパス,"8.成績評価の方法
実践形式の授業であることから、日々の授業への取り組みを重視
し、授業内でのディスカッション等での成果やレポートをもとに評
価します。授業への取り組み・チームへの貢献度40点、報告内容
30点、レポート30点。"
経営総合講義B 高木俊雄,2単位,1年次,秋学期,和泉キャンパス,"8.成績評価の方法
試験は実施しない。授業への参加度30%,授業への貢献度20%,最終報告内容50%。"
英語(初級)A(統一) 不明,1単位,1年次,春学期,和泉キャンパス,"8.成績評価の方法
学期中の課題に割り当てられる具体的な割合は、シラバスの補足、最初の授業中
に発表されるか、または最初の授業中に配布されるプリントに示される。典型的
なパターンは以下の通りである:
授業への参加度 40
宿題 30
プレゼンテーション/特別課題 30"
英語(初級)B(統一) 不明,1単位,1年次,秋学期,和泉キャンパス,"8.成績評価の方法
学期中の課題に割り当てられる具体的な割合は、初回の授業中に発表され、初回
授業中に配布されるプリントに示される。典型的なパターンは以下の通りである:
授業への参加度 40
宿題 30
プレゼンテーション/特別課題 30"
英語(初級)A(統一) 不明,1単位,1年次,春学期,和泉キャンパス,"8.成績評価の方法
担当教員の説明を聞くこと。"
英語(初級)B(統一) 不明,1単位,1年次,秋学期,和泉キャンパス,"8.成績評価の方法
担当教員の説明を聞くこと。"
英語(初級)A 不明,1単位,1年次,春学期,和泉キャンパス,"8.成績評価の方法
試験 50% 平常点(小テスト・課題提出を含む)50%"
英語(初級)B 不明,1単位,1年次,秋学期,和泉キャンパス,"8.成績評価の方法
試験 50% 平常点(小テスト・課題提出を含む)50%"
英語(初級)A 不明,1単位,1年次,春学期,和泉キャンパス,"8.成績評価の方法
Active participation: 20,Written assignments:10,Presentation:
20,Mid-term exam 25,Final exam: 35"
英語(初級)B 不明,1単位,1年次,秋学期,和泉キャンパス,"8.成績評価の方法
Active participation: 10,Written assignments:15,Presentation:
15,Mid-term exam:25,Final exam 35"
英語(初級)A 不明,1単位,1年次,春学期,和泉キャンパス,"8.成績評価の方法
1期末試験(語彙とリスニングを主とした基礎的問題)50%
2参加 25%
3授業内小テスト 25%
※期末試験は基礎的な問題が多く,普段からきちんと行っていれば
心配ありません。"
英語(初級)B 岩崎永一,1単位,1年次,秋学期,和泉キャンパス,"8.成績評価の方法
1期末試験(語彙とリスニングを主とした基礎的問題)50%
2参加 25%
3授業内小テスト 25%
※期末試験は基礎的な問題が多く,普段からきちんと行っていれば
心配ありません。"
英語(初級)A 不明,1単位,1年次,春学期,和泉キャンパス,"8.成績評価の方法
グループ・プレゼンテーション30%,期末試験60%,小テスト10
%で評価します。"
英語(初級)B 廣田美玲,1単位,1年次,秋学期,和泉キャンパス,"8.成績評価の方法
グループ・プレゼンテーション30%,期末試験60%,小テスト10
%で評価します。"
英語(初級)A(統一) 不明,1単位,1年次,春学期,和泉キャンパス,"8.成績評価の方法
Assignments and quizzes: 40%; reports and presentations: 20%;
final exam: 20%; class participation: 20%
More than 3 absences will result in a fail (3 late = 1 absence; late
means arrival within 30 minutes from the start of the class)."
英語(初級)B(統一) 不明,1単位,1年次,秋学期,和泉キャンパス,"8.成績評価の方法
Assignments and quizzes: 40%; reports and presentations: 20%;
final exam: 20%; class participation: 20%
More than 3 absences will result in a fail (3 late = 1 absence; late
means arrival within 30 minutes from the start of the class)."
英語(初級)A(統一) 不明,1単位,1年次,春学期,和泉キャンパス,"8.成績評価の方法
Attendance & Class participation 20
Vocabulary notebook 20
Mid-term test 30
Final test 30"
英語(初級)B(統一) 不明,1単位,1年次,秋学期,和泉キャンパス,"8.成績評価の方法
Attendance & Class participation 20
Summer-break book report 15
Writing assignments( 10x3) & other work 35
Essay (5 Outline+25 Essay) 30
100
※There will be no face-to-face quizzes or tests"
英語(中級)A 宇野毅,1単位,2年次,春学期,和泉キャンパス,"8.成績評価の方法
テスト:60%、平常点:40%を基準に、総合的に判断して評価する。
詳細は、第1回目の授業で説明する。"
英語(中級)B 宇野毅,1単位,2年次,秋学期,和泉キャンパス,"8.成績評価の方法
テスト:60%、平常点:40%を基準に、総合的に判断して評価する。
詳細は、第1回目の授業で説明する。"
英語(中級)A 荒井貴和,1単位,2年次,春学期,和泉キャンパス,"8.成績評価の方法
ペア・グループ活動を含む授業への積極的参加 30%
個々の課題や提出物 35%
スピーチ、プレゼンテーションと評価 35%"
英語(中級)B 荒井貴和,1単位,2年次,秋学期,和泉キャンパス,"8.成績評価の方法
ペア・グループ活動を含む授業への積極的参加 30%
個々の課題や提出物 35%
スピーチ、プレゼンテーションと評価 35%"
英語(中級)A 石井千春,1単位,2年次,春学期,和泉キャンパス,"8.成績評価の方法
授業集中度を三割、試験を七割。"
英語(中級)B 石井千春,1単位,2年次,秋学期,和泉キャンパス,"8.成績評価の方法
授業集中度を三割、試験を七割。"
英語(中級)A 石井千春,1単位,2年次,春学期,和泉キャンパス,"8.成績評価の方法
授業集中度と小テストを平常点として三割、試験を七割。"
英語(中級)B 石井千春,1単位,2年次,秋学期,和泉キャンパス,"8.成績評価の方法
授業集中度と小テストを平常点として三割、試験を七割。"
英語(中級)A 石塚あおい,1単位,2年次,春学期,和泉キャンパス,"8.成績評価の方法
毎回,授業の初めに Timed Reading を実施します(10点満点の全10
回)。この合計点の20%と、サイドリーダーの記述式テスト25%,教科書
の復習テスト35%,そして授業貢献度20%の割合で最終評価をします。"
英語(中級)B 石塚あおい,1単位,2年次,秋学期,和泉キャンパス,"8.成績評価の方法
毎回,授業の初めに Timed Reading を実施します(10点満点の全10回)。
この合計点の20%と,サイドリーダーの記述式テスト25%,教科書の復習テ
スト35%,そして授業貢献度20%の割合で最終評価をします。"
英語(中級)A 岩崎永一,1単位,2年次,春学期,和泉キャンパス,"8.成績評価の方法
1期末試験 50%
2参加 25%
3授業内小テスト 25%"
英語(中級)B 岩崎永一,1単位,2年次,秋学期,和泉キャンパス,"8.成績評価の方法
1期末試験 50%
2参加 25%
3授業内小テスト 25%"
英語(中級)A 大塚あゆみ,1単位,2年次,春学期,和泉キャンパス,"8.成績評価の方法
授業への参加度,平常点60%,期末試験40%で評価する。"
英語(中級)B 大塚あゆみ,1単位,2年次,秋学期,和泉キャンパス,"8.成績評価の方法
授業への参加度,平常点60%,期末試験40%で評価する。"
英語(中級)A 生越秀子,1単位,2年次,春学期,和泉キャンパス,"8.成績評価の方法
平常点61%(授業参加度,課題提出, スコアレポート等)
テスト39% (ただし、第1回のPractice Testは成績に算入しません。Practice Testは今期の目標設
定のための現有得点力を測るテストです。受講希望者は必ず受けてください)"
英語(中級)B 生越秀子,1単位,2年次,秋学期,和泉キャンパス,"8.成績評価の方法
平常点65%(授業参加度,課題提出, 小テスト, スコアレポート等)
テスト35% (ただし、第1回のPractice Testは成績に算入しません。Practice Testは今期の
目標設定のための現有得点力を測るテストです。受講希望者は必ず受けてください)"
英語(中級)A 押上玲奈,1単位,2年次,春学期,和泉キャンパス,"8.成績評価の方法
出席(30%)〈単位修得には80%以上の出席を必要とする〉:平
常点(30%)〈授業への貢献度〉:課題(40%)(特にpresentation
を伴う3つの課題は全ての提出が必須)"
英語(中級)B 押上玲奈,1単位,2年次,秋学期,和泉キャンパス,"8.成績評価の方法
出席(30%)〈単位修得には80%以上の出席を必要とする〉:平
常点(30%)〈授業への貢献度〉:課題(40%)(特にpresentation
を伴う3つの課題は全ての提出が必須)"
英語(中級)A 熊倉麻名,1単位,2年次,春学期,和泉キャンパス,"8.成績評価の方法
a. プレゼン(原稿&パワポ・発表・Q&A、評価表記載)50%
b. テキスト学習(授業貢献,筆記試験)50%"
英語(中級)B 熊倉麻名,1単位,2年次,秋学期,和泉キャンパス,"8.成績評価の方法
a. Writing/Presentation(原稿&パワポ作成・発表,質疑応答、評価表
記入)50%
b. テキスト学習(授業貢献,筆記試験)50%"
英語(中級)A 小池知之,1単位,2年次,春学期,和泉キャンパス,"8.成績評価の方法
隔週で演習を課しレポート提出を求める。これらを20%,授業
への貢献度10%,期末試験を70%で評価する。"
英語(中級)B 小池知之,1単位,2年次,秋学期,和泉キャンパス,"8.成績評価の方法
隔週で演習を課しレポート提出を求める。これらを20%,授業
への貢献度10%,期末試験を70%で評価する。"
英語(中級)A 相馬美明,1単位,2年次,春学期,和泉キャンパス,"8.成績評価の方法
平常点(20%):出席については,基本的に全出席を原則とする。
きちんと出席し,真剣に取り組む姿勢を評価したい。
学期末試験(60%):必ず受験すること。
レポート(10%):授業中に指示する内容にそって提出すること。
プレゼンテイション(10%):積極的に話し,聞き,発表するこ
とを評価する。"
英語(中級)B 相馬美明,1単位,2年次,秋学期,和泉キャンパス,"8.成績評価の方法
平常点(20%):出席については,基本的に全出席を原則とする。
きちんと出席し,真剣に取り組む姿勢を評価したい。
学期末試験(60%):必ず受験すること。
レポート(10%):授業中に指示する内容にそって提出すること。
プレゼンテイション(10%):積極的に話し,聞き,発表するこ
とを評価する。"
英語(中級)A 高梨絵梨沙,1単位,2年次,春学期,和泉キャンパス,"8.成績評価の方法
平常点:60%、定期テスト:40% 詳細は,第一回目の授業で
説明する。"
英語(中級)B 高梨絵梨沙,1単位,2年次,秋学期,和泉キャンパス,"8.成績評価の方法
平常点:60%、定期テスト:40% 詳細は,第一回目の授業で
説明する。"
英語(中級)A 戸田博之,1単位,2年次,春学期,和泉キャンパス,"8.成績評価の方法
出席および授業への参画・貢献(毎回の課題として「振返りシート」を提出。特に質問の多さを高く評価する):
20%
小テスト,宿題:20%
中間テスト:30%
期末テスト:30%
Grading Breakdown:
Attendance and Participation/Contribution (including submission of a ""Reflection Sheet"" for each class; active
questioning is especially highly evaluated): 20%
Quizzes and Homework: 20%
Midterm Exam: 30%
Final Exam: 30%"
英語(中級)B 戸田博之,1単位,2年次,秋学期,和泉キャンパス,"8.成績評価の方法
出席および授業への参画・貢献(毎回の課題として「振返りシート」を提出。特に質問の多さを高く評価する):
20%
小テスト,宿題:20%
中間テスト:30%
期末テスト:30%
Grading Breakdown:
Attendance and Participation/Contribution (including submission of a ""Reflection Sheet"" for each class; active
questioning is especially highly evaluated): 20%
Quizzes and Homework: 20%
Midterm Exam: 30%
Final Exam: 30%"
英語(中級)A 中村美帆子,1単位,2年次,春学期,和泉キャンパス,"8.成績評価の方法
期末試験50%, 小テスト30%, 授業への参加度20%"
英語(中級)B 中村美帆子,1単位,2年次,秋学期,和泉キャンパス,"8.成績評価の方法
期末試験50%, 小テスト30%, 授業への参加度20%"
"英語(中級)A バーニンガー,ジョージ",1単位,2年次,春学期,和泉キャンパス,"8.成績評価の方法
Evaluation will be made up of the following:
Homework from textbook (20%)
Active daily participation (30%)
Midterm presentation (25%)
Final presentation (25%)"
"英語(中級)B バーニンガー,ジョージ",1単位,2年次,秋学期,和泉キャンパス,"8.成績評価の方法
Evaluation will be made up of the following:
Homework from textbook (20%)
Active daily participation (30%)
Midterm presentation (25%)
Final presentation (25%)"
英語(中級)A 廣瀬絵美,1単位,2年次,春学期,和泉キャンパス,"8.成績評価の方法
提出課題 20%,授業への貢献度 20%,定期試験 60%"
英語(中級)B 廣瀬絵美,1単位,2年次,秋学期,和泉キャンパス,"8.成績評価の方法
提出課題 20%,授業への貢献度 20%,定期試験 60%"
英語(中級)A 古川恵美,1単位,2年次,春学期,和泉キャンパス,"8.成績評価の方法
平常点(授業への参加・貢献度) 30%, 課題(提出物・発表) 30%, 小テスト
30%, 学期末レポート10%"
英語(中級)B 古川恵美,1単位,2年次,秋学期,和泉キャンパス,"8.成績評価の方法
平常点(授業への参加・貢献度) 30%, 課題(提出物・発表) 30%, 小テスト
30%, 学期末レポート10%"
英語(中級)A 吉田えりか,1単位,2年次,春学期,和泉キャンパス,"8.成績評価の方法
期末試験60%,小テスト20%,授業中の取り組み(毎回十分に予習を行
って授業に臨み,授業中は熱心に取り組み発表できること)20%を合計し
て評価する。4分の3以上の出席が単位取得の必須条件です。"
英語(中級)B 吉田えりか,1単位,2年次,秋学期,和泉キャンパス,"8.成績評価の方法
期末試験60%,小テスト20%,授業中の取り組み(毎回十分に予習を行
って授業に臨み,授業中は熱心に取り組み発表できること)20%を合計し
て評価する。4分の3以上の出席が単位取得の必須条件です。"
英語(中級)A 依田里花,1単位,2年次,春学期,和泉キャンパス,"8.成績評価の方法
・70%:授業への取り組み、課題、毎時間の提出物(内容・質を重視)
・30%:学期末試験(S→90%以上,A→80%以上,B→70%以上,C→60%以上)
【注意】
単位取得には、授業数の1/3回までの欠席(遅刻3回で1欠席。遅延証明書は2回ま
で有効)が条件となります。"
英語(中級)B 依田里花,1単位,2年次,秋学期,和泉キャンパス,"8.成績評価の方法
・70%:授業への取り組み、課題、毎時間の提出物(内容・質を重視)
・30%:学期末試験(S→90%以上,A→80%以上,B→70%以上,C→60%以上)
【注意】
単位取得には、授業数の1/3回までの欠席(遅刻3回で1欠席。遅延証明書は2回ま
で有効)が条件となります。"
英語(中級)A(統一) 不明,1単位,2年次,春学期,和泉キャンパス,"8.成績評価の方法
Class participation: 20%; reports and presentations: 20%; exam:
20%; assignments and quizzes 40%.
More than 3 absences will result in a fail (3 late = 1 absence; late
means arrival within 30 minutes from the start of the class)."
英語(中級)B(統一) 不明,1単位,2年次,秋学期,和泉キャンパス,"8.成績評価の方法
Class participation: 20%; reports and presentations: 10%; 2nd year
portfolio: 10%; assignments quizzes 40%; exam 20% .
More than 3 absences will result in a fail (3 late = 1 absence; late
means arrival within 30 minutes from the start of the class)."
英語(中級)A(統一) 不明,1単位,2年次,春学期,和泉キャンパス,"8.成績評価の方法
Class participation 20%
Essay 1 (5+20) 25%
Essay 2 (5+20) 25%
Essay 3 (5+25) 30%"
英語(中級)B(統一) 不明,1単位,2年次,秋学期,和泉キャンパス,"8.成績評価の方法
Attendance & participation (20), Research list (5), Outline (5), Introduction (5), Body
paragraphs (15), Conclusion (5), First draft (15), Final draft (30)
※There will be no face-to-face quizzes or exams."
竹内拓史・ ドイツ語(初級)Ia(統一),1単位,1年次,春学期,和泉キャンパス,"8.成績評価の方法
平常点(授業への参加度,課題の発表,小テストなど)40%,
定期試験60%を予定しています(進度等によって変更の可能性が
ありますので,各担当教員からの説明をよく聞いてください)。"
竹内拓史・ ドイツ語(初級)IIa(統一),1単位,1年次,秋学期,和泉キャンパス,"8.成績評価の方法
平常点(授業への参加度,課題の発表,小テストなど)40%,
定期試験60%の予定です(進度等によって変更の可能性がありま
すので,各担当教員からの説明をよく聞いてください)。"
ドイツ語(初級)Ib(統一) 竹内拓史・畑一成・大類京子・松島渉,1単位,1年次,春学期,和泉キャンパス,"8.成績評価の方法
平常点(授業への参加等)30%、中間試験30%、期末試験40%
を予定しています(各クラスの進度等により,若干変更となる場合
がありますので,担当教員の説明をよく聞いてください)。"
ドイツ語(初級)IIb(統一) 竹内拓史・畑一成・大類京子・松島渉,1単位,1年次,秋学期,和泉キャンパス,"8.成績評価の方法
平常点(授業への参加等)30%、中間試験30%、期末試験40%
を予定しています(各クラスの進度等により若干変更になる場合が
ありますので,担当教員の説明をよく聞いてください)。"
ドイツ語(中級)A指定(統一) 【指定クラス】,1単位,2年次,春学期,和泉キャンパス,"8.成績評価の方法
平常点(授業への参加度)30%,小テストや中間・期末試験70%
の予定です(各クラスの進度等によって変更の可能性がありますの
で,各担当教員からの説明をよく聞いてください)。"
ドイツ語(中級)B指定(統一) 【指定クラス】,1単位,2年次,秋学期,和泉キャンパス,"8.成績評価の方法
平常点(授業への参加度)30%,小テストや中間・期末試験70%
の予定です(各クラスの進度等によって変更の可能性がありますの
で,各担当教員からの説明をよく聞いてください)。"
ドイツ語(中級)A 畑一成,1単位,2年次,春学期,和泉キャンパス,"8.成績評価の方法
期末試験:60%(「到達目標」の記載内容を測る試験を行う)
授業への参加:40%(課題や発表、グループワーク等の参加度や
達成度を測る)
※授業への参加状況や態度によって減点する場合がある。
※授業を3分の1以上欠席した場合、評価の対象としない。"
ドイツ語(中級)B 畑一成,1単位,2年次,秋学期,和泉キャンパス,"8.成績評価の方法
期末試験:60%(「到達目標」の記載内容を測る試験を行う)
授業への参加:40%(課題や発表、グループワーク等の参加度や
達成度を測る)
※授業への参加状況や態度によって減点する場合がある。
※授業を3分の1以上欠席した場合、評価の対象としない。"
ドイツ語(中級)A 赤池マリア,1単位,2年次,春学期,和泉キャンパス,"8.成績評価の方法
テスト:60% レポート :40%"
ドイツ語(中級)B 赤池マリア,1単位,2年次,秋学期,和泉キャンパス,"8.成績評価の方法
テスト 60% レポート :40%"
ドイツ語(中級)A 大類京子,1単位,2年次,春学期,和泉キャンパス,"8.成績評価の方法
【平常点40:学期末試験60】
平常点は,課題や授業参加態度・貢献度,単語テスト,ヒアリング小テス
トなどによります。
遅刻・欠席が一定回数を超えた場合,平常点分は評価の対象となりません。"
ドイツ語(中級)B 大類京子,1単位,2年次,秋学期,和泉キャンパス,"8.成績評価の方法
【平常点40:学期末試験:60】
平常点は,課題や授業参加態度・貢献度,単語テスト,ヒアリング小テスト,
模擬テストなどによります。
欠席・遅刻,辞書不携帯は,授業参加態度への評価に大きく影響します。
遅刻・欠席が一定回数を超えた場合,平常点分は評価の対象となりません。
SD1の受験は義務ではありませんが,受験そのもので平常点への「加点」が
あります。
また、SD1の点数を、学期末試験の代替物とすることも可能です。
その際は、SD1の獲得点数を学期末試験に対応する点数に補正して換算します。"
ドイツ語(中級)A 小松真帆,1単位,2年次,春学期,和泉キャンパス,"8.成績評価の方法
・ 授業への参加度・予習:3割、小テスト・授業内課題:3割、まと
めテスト・課題:4割
・ 出席は予習を前提とし、その他にも随時レポートやリアクション
ペーパーを指示します。"
ドイツ語(中級)B 小松真帆,1単位,2年次,秋学期,和泉キャンパス,"8.成績評価の方法
・ 授業への参加度・予習:3割、小テスト・授業内課題:3割、まと
めテスト・課題:4割
・ 出席は予習を前提とし、その他にも随時レポートやリアクション
ペーパーを指示します。"
ドイツ語(中級)A 松島渉,1単位,2年次,春学期,和泉キャンパス,"8.成績評価の方法
平常点50点,期末試験50点。
平常点とは出席のみで得られるものではない。事前に指定された
問題をやっていなかったり,指名されて問題を答える際に思考の跡
がないなどが減点の対象である。期間中作文課題を提出する機会が
ある。課題提出の有無,その内容も平常点に含まれる。"
ドイツ語(中級)B 松島渉,1単位,2年次,秋学期,和泉キャンパス,"8.成績評価の方法
平常点50点,期末試験50点。
平常点とは出席のみで得られるものではない。事前に指定された
問題をやっていなかったり,指名された問題を答える際に思考の跡
が見られない場合は減点の対象になる。期間中2回ほど作文課題を
提出する機会がある。課題提出の有無,その内容も平常点に含まれ
る。"
フランス語(初級)Ia(統一) 【コミュニケーション】,1単位,1年次,春学期,和泉キャンパス,"8.成績評価の方法
平常点(40%)と期末試験(60%)を目安とします。
課題,小テスト,中間テストなどの含め方については教員によって
割合が変動する可能性があります。"
フランス語(初級)IIa(統一) 【コミュニケーション】,1単位,1年次,秋学期,和泉キャンパス,"8.成績評価の方法
平常点(40%)と期末試験(60%)を目安とします。
課題,小テスト,中間テストなどの含め方については教員によっ
て割合が変動する可能性があります。"
フランス語(初級)Ib(統一) 【文法】,1単位,1年次,春学期,和泉キャンパス,"8.成績評価の方法
平常点(40%)と期末試験(60%)を目安とします。
課題,小テスト,中間テストなどの含め方については教員によっ
て割合が変動する可能性があります。"
フランス語(初級)IIb(統一) 【文法】,1単位,1年次,秋学期,和泉キャンパス,"8.成績評価の方法
平常点(40%)と期末試験(60%)を目安とします。
課題,小テスト,中間テストなどの含め方については教員によっ
て割合が変動する可能性があります。"
フランス語(中級)A指定(統一) 【習熟度別指定クラス】,1単位,2年次,春学期,和泉キャンパス,"8.成績評価の方法
平常点(40%)と期末試験(60%)を目安とします。
課題,小テスト,中間テストなどの含め方については教員によっ
て割合が変動する可能性があります。"
フランス語(中級)B指定(統一) 【習熟度別指定クラス】,1単位,2年次,秋学期,和泉キャンパス,"8.成績評価の方法
平常点(40%)と期末試験(60%)を目安とします。
課題,小テスト,中間テストなどの含め方については教員によっ
て割合が変動する可能性があります。"
フランス語(中級)A 折方のぞみ,1単位,2年次,春学期,和泉キャンパス,"8.成績評価の方法
・平常点(出席,授業参加)30%
授業への出席は大前提となります。3回以上の欠席をした者には単位を与えま
せん(公欠や病欠は日付入り証明書があれば考慮)。その上で,教室内での発言や
発表など積極的に授業に参加する姿勢が評価対象となります。
・小テスト 20%
・ 中間発表 10%(受講人数によりますが,各自が調べた課題コンテンツの発表を
予定)
・学期末試験 40%
(上記は目安で総合的に評価されます。)"
フランス語(中級)B 折方のぞみ,1単位,2年次,秋学期,和泉キャンパス,"8.成績評価の方法
・平常点(出席,授業参加)30%
授業への出席は大前提となります。3回以上の欠席をした者には単位を与えま
せん(公欠や病欠は日付入り証明書があれば考慮)。その上で,教室内での発言や
発表など積極的に授業に参加する姿勢が評価対象となります。
・小テスト 20%
・ 中間テスト 10%(受講人数によりますが,各自が調べた課題コンテンツの発表
を予定)
・学期末試験 40%
(上記は目安で総合的に評価されます。)"
フランス語(中級)A 佐々木匠,1単位,2年次,春学期,和泉キャンパス,"8.成績評価の方法
当然ですが出席は大前提です。
期末試験の点数(60%)と、授業への積極的な参加、授業態度、提出課題
など(40%)を合わせて評価します。"
フランス語(中級)B 佐々木匠,1単位,2年次,秋学期,和泉キャンパス,"8.成績評価の方法
当然ですが出席は大前提です。
期末試験の点数(60%)と、授業への積極的な参加、授業態度、提出課題
など(40%)を合わせて評価します。"
フランス語(中級)A 荒原由紀子,1単位,2年次,春学期,和泉キャンパス,"8.成績評価の方法
成績評価の基準は,平常点(40%)と学期末の試験(60%)を目安と
します。平常点は具体的には,授業への参加状況(教室内での発言・発表),
毎回の小テスト,レポートや課題などの提出物を評価の対象とします。「出
席」するだけでは平常点は付きませんので,注意してください。"
フランス語(中級)B 荒原由紀子,1単位,2年次,秋学期,和泉キャンパス,"8.成績評価の方法
成績評価の基準は,平常点(40%)と学期末の試験(60%)を目安と
します。平常点は具体的には,授業への参加状況(教室内での発言・発表),
毎回の小テスト,レポートや課題などの提出物を評価の対象とします。「出
席」するだけでは平常点は付きませんので,注意してください。"
フランス語(中級)A 加藤三和,1単位,2年次,春学期,和泉キャンパス,"8.成績評価の方法
課題・小テスト30%、期末試験70%"
フランス語(中級)B 加藤三和,1単位,2年次,秋学期,和泉キャンパス,"8.成績評価の方法
課題・小テスト30%、最終テス70%"
フランス語(中級)A 南玲子,1単位,2年次,春学期,和泉キャンパス,"8.成績評価の方法
平常点4割,学期末試験6割を目安とします。 正当な理由が証明できない遅
刻や欠席は平常点から減点します。もちろん教室に「いる」だけでは「出席」と
は見なされません。受講者には,きちんと準備をし,主体的に授業に参加するこ
とが望まれます。
平常点の評価対象に含まれるのは,授業への参加状況,毎回出される課題の完
成度(期限内提出を含む),教室で参照した資料についての感想・意見等です。"
フランス語(中級)B 南玲子,1単位,2年次,秋学期,和泉キャンパス,"8.成績評価の方法
平常点4割,学期末試験6割を目安とします。正当な理由が証明できない遅刻
や欠席は平常点から減点します。もちろん教室に「いる」だけでは「出席」とは
見なされません。受講者には,きちんと準備をし,主体的に授業に参加すること
が望まれます。
平常点の評価対象に含まれるのは,授業への参加状況,毎回出される課題の完
成度(期限内提出を含む),教室で参照した資料についての感想・意見等です。"
中国語(初級)Ia(統一) 【文法・読解】,1単位,1年次,春学期,和泉キャンパス,"8.成績評価の方法
基本的には、春学期最終授業時に実施される筆記試験の点数により成績
評価を行う。その他、随時発音テスト・小テストが行われる。比率は筆記
試験80%、発音・小テストが20%。欠席・遅刻は減点の対象になり得る。
出席点はない。授業出席が前提である。年度により成績の評価方法は異な
る可能性があるため、詳細は授業内で説明する。"
中国語(初級)IIa(統一) 【文法・読解】,1単位,1年次,秋学期,和泉キャンパス,"8.成績評価の方法
基本的には、秋学期最終授業時に実施される筆記試験の点数により成績
評価を行う。その他,随時発音テスト・小テストが行われる。比率は筆記
試験80%、発音・小テストが20%。欠席・遅刻は減点の対象になり得る。
出席点はない。授業出席が前提である。評価方法は年により異なることが
ある。詳細は授業内で説明する。"
中国語(初級)Ib(統一) 【聴取・表現】,1単位,1年次,春学期,和泉キャンパス,"8.成績評価の方法
基本的には、春学期最終授業時に実施される筆記試験の点数により成績
評価を行う。その他、随時発音テスト・小テストが行われる。比率は筆記
試験80%、発音・小テストが20%。欠席・遅刻は減点の対象になり得る。
出席点はない。授業出席が前提である。評価方法は年により異なることが
ある。詳細は授業内で説明する。"
中国語(初級)IIb(統一) 【聴取・表現】,1単位,1年次,秋学期,和泉キャンパス,"8.成績評価の方法
基本的には、秋学期最終授業時に実施される筆記試験の点数により成績
評価を行う。その他,随時発音テスト・小テストが行われる。比率は筆記
試験80%、発音・小テストが20%。欠席・遅刻は減点の対象になり得る。
出席点はない。授業出席が前提である。評価方法は年により異なることが
ある。詳細は授業内で説明する。"
中国語(中級)A指定(統一) 【指定クラス】,1単位,2年次,春学期,和泉キャンパス,"8.成績評価の方法
基本的には、春学期最終授業時に実施される試験の点数により成
績評価を行う。その他、随時発音テスト・小テストが行われる。比
率は試験80%。平常点が20パーセント。授業出席が前提である。
評価方法は年により異なることがある。詳細は授業内で説明する。"
中国語(中級)B指定(統一) 【指定クラス】,1単位,2年次,秋学期,和泉キャンパス,"8.成績評価の方法
基本的には、秋学期最終授業時に実施される試験の点数により成
績評価を行う。その他、随時発音テスト・小テストが行われる。比
率は試験80%、発音・小テストが20%。欠席・遅刻は減点の対象
になり得る。出席点はない。授業出席が前提である。評価方法は年
により異なることがある。詳細は授業内で説明する。"
中国語(中級)A 福満正博,1単位,2年次,春学期,和泉キャンパス,"8.成績評価の方法
基本的には,春学期最終授業時に実施される試験の点数により成
績評価を行う。その他,随時発音テスト・小テストが行われる。比
率は試験80%。平常点が20パーセント。授業出席が前提である。"
中国語(中級)B 福満正博,1単位,2年次,秋学期,和泉キャンパス,"8.成績評価の方法
基本的には,秋学期最終授業時に実施される試験の点数により成
績評価を行う。その他,随時発音テスト・小テストが行われる。比
率は試験80%。平常点が20パーセント。授業出席が前提である。"
中国語(中級)A 王学群,1単位,2年次,春学期,和泉キャンパス,"8.成績評価の方法
基本的には,春学期最終授業時に実施される試験の点数により成績評価を行う。
比率は試験70 %。平常点が30パーセント。授業出席が前提である。"
中国語(中級)B 王学群,1単位,2年次,秋学期,和泉キャンパス,"8.成績評価の方法
基本的には,春学期最終授業時に実施される試験の点数により成績評価を行う。
比率は試験70 %。平常点が30パーセント。授業出席が前提である。"
中国語(中級)A 大西陽子,1単位,2年次,春学期,和泉キャンパス,"8.成績評価の方法
定期試験の成績(70%)および授業への参加度・提出課題等の平常点(30%)
を基準として総合評価します。"
中国語(中級)B 大西陽子,1単位,2年次,秋学期,和泉キャンパス,"8.成績評価の方法
定期試験の成績(70%)および授業への参加度・提出課題等の平常点(30%)
を基準として総合評価します。"
中国語(中級)A 工藤早恵,1単位,2年次,春学期,和泉キャンパス,"8.成績評価の方法
・ 中間試験・期末試験,提出課題,練習課題,暗唱等の点数により成績評価を
行う。
・ 比率は筆記試験,提出課題,練習課題80%,平常点(暗唱・授業への参加度)
20%。
・ 中間・期末試験と提出課題・練習課題の点数の合計で,必ず全体の50%以
上の点を取ること。
・欠席・遅刻や授業中の私語は減点の対象になる。
・総合して60点未満は不合格になる。"
中国語(中級)B 工藤早恵,1単位,2年次,秋学期,和泉キャンパス,"8.成績評価の方法
・ 中間試験・期末試験,提出課題,練習課題,暗唱等の点数により成績評価を
行う。
・ 比率は筆記試験,提出課題,練習課題80%,平常点(暗唱・授業への参加度)
20%。
・ 中間・期末試験と提出課題・練習課題の点数の合計で,必ず全体の50%以
上の点を取ること。
・欠席・遅刻、授業中の私語等は減点の対象になる。
・総合して60点未満は不合格になる。"
中国語(中級)A 蔡娟,1単位,2年次,春学期,和泉キャンパス,"8.成績評価の方法
原則として,期末試験70%,平常点30%で評価する。積極的な
授業参加や随時行う小テスト等を平常点として加点していく。欠席
が全体の1/3を超えた場合,成績評価の対象外とする。欠席・遅刻
は減点の対象になる。出席点はない。授業出席が前提である。"
中国語(中級)B 蔡娟,1単位,2年次,秋学期,和泉キャンパス,"8.成績評価の方法
原則として,期末試験70%,平常点30%で評価する。積極的な
授業参加や随時行う小テスト等を平常点として加点していく。欠席
が全体の1/3を超えた場合,成績評価の対象外とする。欠席・遅刻
は減点の対象になる。出席点はない。授業出席が前提である。"
中国語(中級)A 笹倉一広,1単位,2年次,春学期,和泉キャンパス,"8.成績評価の方法
・定期試験50%,平常点を50%とする。平常点には小テストの成績も含みます。
・ 筆記がAレベルでも、読みがそれに伴わない場合はAはつけません。読みは平常授業
中に評価します。
・ 欠席は4回までは許容します。5回以上は単位を出しません。 欠席には体育会の活
動等に関わる欠席も含みます。"
中国語(中級)B 笹倉一広,1単位,2年次,秋学期,和泉キャンパス,"8.成績評価の方法
・定期試験50%,平常点を50%とする。平常点には小テストの成績も含みます。
・ 筆記がAレベルでも、読みがそれに伴わない場合はAはつけません。読みは平常授業
中に評価します。
・ 欠席は4回までは許容します。5回以上は単位を出しません。 欠席には体育会の活
動等に関わる欠席も含みます。"
中国語(中級)A 高橋美千子,1単位,2年次,春学期,和泉キャンパス,"8.成績評価の方法
試験 50% 平常点50%
授業中にその日の内容で適宜小テストをする。小テストを平常点と
する。"
中国語(中級)B 高橋美千子,1単位,2年次,秋学期,和泉キャンパス,"8.成績評価の方法
試験 50% 平常点50%
授業中にその日の内容で適宜小テストをする。小テストを平常点と
する。"
中国語(中級)A 費燕,1単位,2年次,春学期,和泉キャンパス,"8.成績評価の方法
期末試験(60%)と平常点(40%)を目安とする。
平常点の内訳:授業への参加状況及び課題・宿題などの提出物は
(20%)で,小テストは(20%)である。"
中国語(中級)B 費燕,1単位,2年次,秋学期,和泉キャンパス,"8.成績評価の方法
期末試験(60%)と平常点(40%)を目安とする。
平常点の内訳:授業への参加状況及び課題・宿題などの提出物は
(20%)で,小テストは(20%)である。"
中国語(中級)A 劉素英,1単位,2年次,春学期,和泉キャンパス,"8.成績評価の方法
授業に取り組む姿勢10%、課題(練習問題、読み、暗唱など)の
完成状況20%、授業内期末試験70%で成績評価を出します。"
中国語(中級)B 劉素英,1単位,2年次,秋学期,和泉キャンパス,"8.成績評価の方法
授業に取り組む姿勢10%、課題(練習問題、読み、暗唱など)の
完成状況20%、授業内期末試験70%で成績評価を出します"
ロシア語(初級)I 恩田義徳,1単位,1年次,春学期,和泉キャンパス,"8.成績評価の方法
試験(50%),授業参加の姿勢(50%)
ただし、無断欠席が続いた場合、成績評価の対象としません。"
ロシア語(初級)II 恩田義徳,1単位,1年次,秋学期,和泉キャンパス,"8.成績評価の方法
試験(50%),授業への参加態度(50%)
ただし、無断欠席が続いた場合、成績評価の対象としません。"
ロシア語(初級)I 井伊裕子,1単位,1年次,春学期,和泉キャンパス,"8.成績評価の方法
試験(50%)、授業参加(25%)、小テスト(25%)"
ロシア語(初級)II 井伊裕子,1単位,1年次,秋学期,和泉キャンパス,"8.成績評価の方法
試験(50%)、授業参加(25%)、小テスト(25%)"
ロシア語(中級)A 恩田義徳,1単位,2年次,春学期,和泉キャンパス,"8.成績評価の方法
試験(50%),授業への参加態度(50%)
ただし無断欠席が続いた場合、成績評価の対象としません。"
ロシア語(中級)B 恩田義徳,1単位,2年次,秋学期,和泉キャンパス,"8.成績評価の方法
試験(50%),授業への参加態度(50%)
ただし無断欠席が続いた場合、成績評価の対象としません。"
ロシア語(中級)A 井伊裕子,1単位,2年次,春学期,和泉キャンパス,"8.成績評価の方法
試験(50%)、授業参加(25%)、小テスト(25%)"
ロシア語(中級)B 井伊裕子,1単位,2年次,秋学期,和泉キャンパス,"8.成績評価の方法
試験(50%)、授業参加(25%)、小テスト(25%)"
韓国語(初級)I 安垠姫,1単位,1年次,春学期,和泉キャンパス,"8.成績評価の方法
定期試験70%,平常点30% (出席率,授業態度・参加度、課題,
小テストなど)"
韓国語(初級)II 安垠姫,1単位,1年次,秋学期,和泉キャンパス,"8.成績評価の方法
定期試験70%,平常点30% (出席率,授業態度・参加度,課題,
小テストなど)"
韓国語(初級)I 金孝珍,1単位,1年次,春学期,和泉キャンパス,"8.成績評価の方法
定期試験60%,平常点40%(授業への参加度,小テスト,課題
を含む)"
韓国語(初級)II 金孝珍,1単位,1年次,秋学期,和泉キャンパス,"8.成績評価の方法
定期試験60%,平常点40%(授業への参加度,小テスト,課題
を含む)"
韓国語(中級)A 安垠姫,1単位,2年次,春学期,和泉キャンパス,"8.成績評価の方法
定期試験70%,平常点30% (出席率,授業態度・参加度,課題,
小テストなど)"
韓国語(中級)B 安垠姫,1単位,2年次,秋学期,和泉キャンパス,"8.成績評価の方法
定期試験70%,平常点30% (出席率,授業態度・参加度,課題,
小テストなど)"
韓国語(中級)A 金孝珍,1単位,2年次,春学期,和泉キャンパス,"8.成績評価の方法
定期試験60%,平常点40%(授業への参加度,小テスト,課題
を含む)"
韓国語(中級)B 金孝珍,1単位,2年次,秋学期,和泉キャンパス,"8.成績評価の方法
定期試験60%,平常点40%(授業への参加度,小テスト,課題
を含む)"
TOEFLReading 山高美和,1単位,1年次,春学期,和泉キャンパス,"8.成績評価の方法
成績評価の方法
評価割合
授業への貢献度:50%
課題:50%
試験
対面形式での試験は実施しません。
単位取得条件
単位を取得するには、授業への貢献だけでなく、全ての課題を期限内に提出する必要があります。
出席に関する規定
※合計4回の欠席(公的機関発行の証明書を提出できない場合)は単位取得不可となります。
※合計3回までの公欠や病欠以外の欠席は認められますが、授業への貢献度評価は他の出席している学生
より低くなる可能性があるため、注意してください。
※公欠や病欠を申請する場合は、公的機関が発行した証明書を提示する必要があります。
遅刻
遅刻3回で欠席1回分として扱います。
授業参加の注意点
※本コースは、教材を購入しない限り、課題に取り組むことができません。
※教材を持参しない場合や、授業貢献度が著しく低い場合は、評価が下がります。"
"TOEFLListening デュプリス,ジョン",1単位,1年次,春学期,和泉キャンパス,"8.成績評価の方法
Participation (including attendance) and quality of performance in
assigned class activities 50%
Outside of class activities (e.g., listening and vocabulary logs done for
homework) 30%
Midterm test 10%
Final test 10%"
TOEFLSpeaking 山高美和,1単位,1年次,秋学期,和泉キャンパス,"8.成績評価の方法
成績評価の方法
評価割合
授業への貢献度:50%
課題:50%
試験
対面形式での試験は実施しません。
単位取得条件
単位を取得するには、授業への貢献だけでなく、全ての課題を期限内に提出する必要があります。
出席に関する規定
※合計4回の欠席(公的機関発行の証明書を提出できない場合)は単位取得不可となります。
※合計3回までの公欠や病欠以外の欠席は認められますが、授業への貢献度評価は他の出席している学生
より低くなる可能性があるため、注意してください。
※公欠や病欠を申請する場合は、公的機関が発行した証明書を提示する必要があります。
遅刻
遅刻3回で欠席1回分として扱います。
授業参加の注意点
※本コースは、教材を購入しない限り、オーディオ付き課題に取り組むことができません。
※教材を持参しない場合や、授業貢献度が著しく低い場合は、評価が下がります。"
"TOEFLWriting キアナン,パトリック",1単位,1年次,秋学期,和泉キャンパス,"8.成績評価の方法
40% Participation and classwork
20% Assignments
20% MT Test
20% Final Test"
TOEFLPreparationA 山下佳江,1単位,1年次,春学期,和泉キャンパス,"8.成績評価の方法
Class participation and attendance: 40%
Homework/Quizzes: 10%
Final examination: 50%"
TOEFLPreparationB 山下佳江,1単位,1年次,秋学期,和泉キャンパス,"8.成績評価の方法
Participation and classwork 40%
Practice Tests 20%
Final Test 40%"
"EnglishExamsA キアナン,パトリック",1単位,1年次,春学期,和泉キャンパス,"8.成績評価の方法
Classwork and participation: 40%
Homework: 20%
Test practice: 40%"
"EnglishExamsB キアナン,パトリック",1単位,1年次,秋学期,和泉キャンパス,"8.成績評価の方法
Class participation 40%
Homework: 20%
Test practice (20% x2): 40%."
"GenresofWriting キアナン,パトリック",1単位,1年次,春学期,和泉キャンパス,"8.成績評価の方法
attendance/participation: 30%
general writing tasks (20%)
email tasks (20%);
blog tasks (20%);
Review quiz: 10%."
"SpeechandDebateモロー,ロバート J",1単位,1年次,秋学期,和泉キャンパス,"8.成績評価の方法
Class participation (notes, discussions, homework, reflections) 25%
Informative Speech 25%
Persuasive Speech 25%
Debate 25%
Grades will be based on content, organization, and the overall
effectiveness of speeches and debates. Students will submit notes,
summaries, self-reflections and other writings about the projects as
required. The class participation is based on the effort that people make
in class, completion of homework tasks, and having a positive attitude
towards the course."
英語スペシャルスタディA〔M〕 辻昌宏,1単位,1年次,春学期,駿河台キャンパス,"8.成績評価の方法
オンディマンド授業を各動画を最初から最後まで視聴しての小テ
ストを受ける(複数回)70%
Oh!-Meijiのディスカッションを通じ質問・意見表明10%
学期末試験(リアルタイム配信で実施)20%"
英語スペシャルスタディB〔M〕 辻昌宏,1単位,1年次,秋学期,駿河台キャンパス,"8.成績評価の方法
オンディマンドの視聴および小テスト70%,Oh!-Meiji のディス
カッションを通じての質問や意見表明10%
学期末試験(対面で実施)20%"
英語表現論 辻昌宏,1単位,1年次,春学期,和泉キャンパス,"8.成績評価の方法
平常点および授業参加 70%
期末試験 30%"
英語コミュニケーション初級A 戸田博之,1単位,1年次,春学期,和泉キャンパス,"8.成績評価の方法
Attendance:10%
In-class writing and class participation:40%
Homework submission:40%
Final exam:10%"
英語コミュニケーション初級B 戸田博之,1単位,1年次,秋学期,和泉キャンパス,"8.成績評価の方法
Attendance:10%
In-class writing and class participation:40%
Homework submission:40%
Final exam:10%"
英語コミュニケーション中級A 古川恵美,1単位,1年次,春学期,和泉キャンパス,"8.成績評価の方法
平常点(授業への参加・貢献度) 30%, 課題(提出物・発表) 30%, 小
テスト30%, 学期末レポート10%"
英語コミュニケーション中級B 古川恵美,1単位,1年次,秋学期,和泉キャンパス,"8.成績評価の方法
平常点(授業への参加・貢献度) 30%, 課題(提出物・発表) 30%, 小
テスト30%, 学期末レポート10%"
英語コミュニケーション上級A 山高美和,1単位,1年次,春学期,駿河台キャンパス,"8.成績評価の方法
成績評価の方法
評価割合
授業への貢献度:50%
課題:50%
試験
対面形式での試験は実施しません。
単位取得条件
単位を取得するには、授業への貢献だけでなく、全ての課題を期限内に提出する必要があります。
出席に関する規定
※合計4回の欠席(公的機関発行の証明書を提出できない場合)は単位取得不可となります。
※合計3回までの公欠や病欠以外の欠席は認められますが、授業への貢献度評価は他の出席している学生より低く
なる可能性があるため、注意してください。
※公欠や病欠を申請する場合は、公的機関が発行した証明書を提示する必要があります。
遅刻
遅刻3回で欠席1回分として扱います。
授業参加の注意点
授業貢献度が著しく低い場合は、評価が下がります。"
英語コミュニケーション上級B 山高美和,1単位,1年次,秋学期,駿河台キャンパス,"8.成績評価の方法
成績評価の方法
評価割合
授業への貢献度:50%
課題:50%
試験
対面形式での試験は実施しません。
単位取得条件
単位を取得するには、授業への貢献だけでなく、全ての課題を期限内に提出する必要があります。
出席に関する規定
※合計4回の欠席(公的機関発行の証明書を提出できない場合)は単位取得不可となります。
※合計3回までの公欠や病欠以外の欠席は認められますが、授業への貢献度評価は他の出席している学生より低く
なる可能性があるため、注意してください。
※公欠や病欠を申請する場合は、公的機関が発行した証明書を提示する必要があります。
遅刻
遅刻3回で欠席1回分として扱います。
授業参加の注意点
授業貢献度が著しく低い場合は、評価が下がります。"
ドイツ語コミュニケーション初級A 大類京子,1単位,1年次,春学期,和泉キャンパス,"8.成績評価の方法
授業への積極的な参加35%,毎回の課題達成度25%,期末課題40%
*理由は問わず、出席が授業回数の3分の2未満の場合は、「授業
への積極的な参加」について評価の対象となりません。
*遅刻は「授業への積極的な参加」において、減点となります。"
ドイツ語コミュニケーション初級B 大類京子,1単位,1年次,秋学期,和泉キャンパス,"8.成績評価の方法
授業への積極的な参加35%,毎回の課題達成度25%,期末課題
40%
*理由は問わず、出席が3分の2未満の場合は、「授業への積極的
な参加」について評価の対象となりません。
*遅刻は「授業への積極的な参加」において、減点となります。"
ドイツ語コミュニケーション中級A 竹内拓史,1単位,1年次,春学期,和泉キャンパス,"8.成績評価の方法
平常点(授業参加)【24%】,授業内の発表及び楽器末の発表【76%】
をあわせて評価します。
(発表は授業時の練習の延長と考えてください。詳しくは授業内に
説明します)
全授業の3分の1以上を欠席した場合は、単位は付与できません。
また各回の3分の1以上の遅刻(35分以上の遅刻)は,欠席とみな
します。"
ドイツ語コミュニケーション中級B 竹内拓史,1単位,1年次,秋学期,和泉キャンパス,"8.成績評価の方法
平常点(授業参加)【24%】,授業内の発表及び楽器末の発表【76%】
をあわせて評価します。
(発表は授業時の練習の延長と考えてください。詳しくは授業内に
説明します)
全授業の3分の1以上を欠席した場合は、単位は付与できません。
また各回の3分の1以上の遅刻(35分以上の遅刻)は,欠席とみな
します。"
ドイツ語コミュニケーション上級A 畑一成,1単位,1年次,春学期,駿河台キャンパス,"8.成績評価の方法
期末試験:60%(「到達目標」の記載内容を測る試験を行う)
授業への参加:40%(課題、発表、ペアワーク、グループワーク
等の参加度や達成度を測る)
※授業への参加状況や態度によって減点する場合がある。
※授業を3分の1以上欠席した場合、評価の対象としない。"
ドイツ語コミュニケーション上級B 畑一成,1単位,1年次,秋学期,駿河台キャンパス,"8.成績評価の方法
期末試験:60%(「到達目標」の記載内容を測る試験を行う)
授業への参加:40%(課題、発表、ペアワーク、グループワーク
等の参加度や達成度を測る)
※授業への参加状況や態度によって減点する場合がある。
※授業を3分の1以上欠席した場合、評価の対象としない。"
"フランス語コミュニケーション初級A レット,フランソワ",1単位,1年次,春学期,和泉キャンパス,"8.成績評価の方法
授業への参加態度と積極性の有無(ロールプレイの発表を含む):
40%
小テスト(全4回): 40%
期末試験(面接試験):20%"
"フランス語コミュニケーション初級B レット,フランソワ",1単位,1年次,秋学期,和泉キャンパス,"8.成績評価の方法
授業への参加態度と積極性の有無(ロールプレイの発表を含む):
40%
小テスト(全3回): 30%
期末試験:30%"
"フランス語コミュニケーション中級A ベルテ,ディディエ",1単位,1年次,春学期,和泉キャンパス,"8.成績評価の方法
学年末試験 40%,小テスト 40%,グループワークにおける
貢献度 10%,授業への参加度10%7割以上の出席を必須としま
す。"
"フランス語コミュニケーション中級B ベルテ,ディディエ",1単位,1年次,秋学期,和泉キャンパス,"8.成績評価の方法
学年末試験 40%,小テスト 40%,グループワークにおける
貢献度 10%,授業への参加度10%7割以上の出席を必須としま
す。"
フランス語コミュニケーション上級A 折方のぞみ,1単位,1年次,春学期,駿河台キャンパス,"8.成績評価の方法
平常点(出席,参加) 50%
各種授業内発表&課題 30%
学期末到達度確認問題 20%
上記は目安です。"
フランス語コミュニケーション上級B 折方のぞみ,1単位,1年次,秋学期,駿河台キャンパス,"8.成績評価の方法
平常点(出席,参加) 50%
各種授業内発表&課題 30%
学期末到達度確認問題 20%
上記は目安です。"
中国語コミュニケーション初級A 遠藤絢,1単位,1年次,春学期,和泉キャンパス,"8.成績評価の方法
基本的には,秋学期最終授業時に実施される試験の点数により成
績評価を行う。その他,随時発音テスト・小テストが行われる。比
率は試験80%,発音・小テストが20%。欠席・遅刻は減点の対象
になり得る。出席点はない。授業出席が前提である。"
中国語コミュニケーション初級B 遠藤絢,1単位,1年次,秋学期,和泉キャンパス,"8.成績評価の方法
基本的には,秋学期最終授業時に実施される試験の点数により成
績評価を行う。その他,随時発音テスト・小テストが行われる。比
率は試験80%,発音・小テストが20%。欠席・遅刻は減点の対象
になり得る。出席点はない。授業出席が前提である。"
中国語コミュニケーション中級A 野田寛達,1単位,1年次,春学期,和泉キャンパス,"8.成績評価の方法
平常点(小テスト、授業態度等)50%、定期テスト50%"
中国語コミュニケーション中級B 野田寛達,1単位,1年次,秋学期,和泉キャンパス,"8.成績評価の方法
平常点(小テスト,授業態度等)50%,期末テスト50%"
中国語コミュニケーション上級A 遠藤絢,1単位,1年次,春学期,駿河台キャンパス,"8.成績評価の方法
平常点60%,定期試験40%"
中国語コミュニケーション上級B 遠藤絢,1単位,1年次,秋学期,駿河台キャンパス,"8.成績評価の方法
定期試験80%,平常点20%"
"InternationalBusinessProgram(語学研修)Aモロー,ロバート J",1単位,1年次,春学期,和泉キャンパス,"8.成績評価の方法
The grade will be determined by attendance and participation in
the class sessions before the overseas study (10%); by the
assessment done in the overseas program (70%); and by the final
presentation and journal (20%)."
"InternationalBusinessProgram(実習)Aモロー,ロバート J",2単位,1年次,春学期,和泉キャンパス,"8.成績評価の方法
The grade will be determined by attendance and participation in
the class sessions before the overseas study (10%); by the
assessment done in the overseas program (70%); and by the final
presentation and journal (20%)."
"International Business Program(語学研修)B デュプリス,ジョン",1単位,4年次,秋学期,和泉キャンパス,"8.成績評価の方法
The grade will be determined by attendance and participation in the
class sessions before the overseas study (10%); by the assessment
carried out in the overseas program (70%); and by the journal and
final presentation (20%)."
"International Business Program(実習)B デュプリス,ジョン",2単位,4年次,秋学期,和泉キャンパス,"8.成績評価の方法
The grade will be determined by attendance and participation in
the class sessions before the overseas study (10%); by the
assessment carried out in the overseas program (70%); and by the
journal and final presentation (20%)."
体育実技A(統一) 一之瀬真志・田中充洋・吉松梓・後藤肇・後藤洋一・佐藤伸一郎・,1単位,1年次,春学期,和泉キャンパス,"8.成績評価の方法
授業回数の2/3以上出席し,担当教員の認定を得なければ所定
の単位を修得することができません。成績は総合的な観点から評価
されます(取り組む姿勢等の授業への貢献度85%,レポート15%)"
体育実技B(統一) 一之瀬真志・田中充洋・吉松梓・後藤肇・後藤洋一・佐藤伸一郎・,1単位,1年次,秋学期,和泉キャンパス,"8.成績評価の方法
授業回数の2/3以上出席し,担当教員の認定を得なければ所定
の単位を修得することができません。成績は総合的な観点から評価
されます。(取り組む姿勢等の授業への貢献度85%,レポート15%)"
選択体育実技A 後藤肇,1単位,2年次,春学期,和泉キャンパス,"8.成績評価の方法
授業回数の2/3以上出席し、担当教員の認定を得なければ所定の単位を修得することができません。
成績は、授業への参加度60%、授業への関与姿勢・貢献度・社会性等30%、技能向上10%を基本として
総合的な観点から評価されます。"
選択体育実技B 後藤肇,1単位,2年次,秋学期,和泉キャンパス,"8.成績評価の方法
授業回数の2/3以上出席し、担当教員の認定を得なければ所定の単位を修得することができません。
成績は、授業への参加度60%、授業への関与姿勢・貢献度・社会性等30%、技能向上10%を基本として
総合的な観点から評価されます。"
学外選択体育実技A 吉松梓,1単位,2年次,春学期,不明,"8.成績評価の方法
事前授業および現地実習(3泊4日)に全日程に参加できることを単位修
得の条件とする。
その上で,事前授業と実習中の取り組み状況60%(主体性と実行力、協
働する力),実習日誌20%,レポート20%により総合的に評価する。"
グローバル・サービスラーニングA 小関隆志,2単位,1年次,春学期,和泉キャンパス,"8.成績評価の方法
事前学習の参加状況(20%)、現地研修の状況(60%)、実習成果
報告会(20%)を総合して評価します。"
グローバル・サービスラーニングB 小関隆志,2単位,1年次,秋学期,和泉キャンパス,"8.成績評価の方法
事前学習の参加状況(20%)、現地研修の状況(60%)、実習成果
報告会(20%)を総合して評価します。"
リサーチ・リテラシーA〔M〕 加藤千恵子,2単位,1年次,春学期,不明,"8.成績評価の方法
各回の小課題(50%)に加えて,講義内で4回の課題(50%)を出題する。こ
れらの課題の提出状況および内容を踏まえて,成績評価を行う。"
リサーチ・リテラシーA〔M〕 加藤千恵子,2単位,1年次,秋学期,不明,"8.成績評価の方法
各回の小課題(50%)に加えて,講義内で4回の課題(50%)を出題する。こ
れらの課題の提出状況および内容を踏まえて,成績評価を行う。"
フィールドスタディA/B 【全体概要】,2単位,1年次,不明,和泉キャンパス,"8.成績評価の方法
事前学習,フィールドワーク,事後学習の全過程を通じて評価が
行われる。"
フィールドスタディA 菊地端夫,2単位,1年次,春学期,和泉キャンパス,"8.成績評価の方法
講義への貢献50%,レポート50%。現地調査へ参加することが
単位取得の条件となる。"
フィールドスタディB 原田将,2単位,1年次,秋学期,和泉キャンパス,"8.成績評価の方法
主体的な取り組み30%,事前研究30%,研究報告書40%。"
フィールドスタディB 中澤高志,2単位,1年次,秋学期,和泉キャンパス,"8.成績評価の方法
フィールドワーク50%,レポート50%。なお,特段の事情がない限り,
事前学習に毎回出席し,課題をこなすことが,フィールドワーク参加の前
提となる。"
フィールドスタディB 森田直美,2単位,1年次,秋学期,和泉キャンパス,"8.成績評価の方法
事前学習,フィールドワーク,事後学習への貢献度70% 期末レポート
30%
特段の理由がない限り遅刻や欠席をせずに事前・事後学習に貢献し,フィ
ールドワークに参加することが単位取得に必須となる。"
フィールドスタディB 高巖,2単位,1年次,秋学期,和泉キャンパス,"8.成績評価の方法
発表内容 50%、最終レポート50%
学期末には、稲盛哲学で学んだことを最終レポート(約4000字)
として提出すること。これらを評価し、これをコミットメントの点
数とする。"
フィールドスタディC/D 【全体概要】,2単位,2年次,不明,不明,"8.成績評価の方法
事前学習,フィールドワーク,事後学習の全過程を通じて評価が
行われる。"
フィールドスタディC 佐々木聡,2単位,2年次,春学期,駿河台キャンパス,"8.成績評価の方法
事前学習+平常点(20%),調査実習(60%),事後の課題レポート(20
%)として総合的に判定する。
したがって,実習に参加できなかった場合は,単位取得不可となる。"
フィールドスタディC 新宅純二郎,2単位,2年次,春学期,駿河台キャンパス,"8.成績評価の方法
事前学習(20%),調査実習とフィールドノート(60%),事後のレポ
ートと発表(20%)として総合的に判定する。"
フィールドスタディC 中澤高志,2単位,2年次,春学期,駿河台キャンパス,"8.成績評価の方法
フィールドワーク50%,レポート50%。なお,特段の事情がない限り,
事前学習に毎回出席し,課題をこなすことが,フィールドワーク参加の前
提となる。"
フィールドスタディC 原田将,2単位,2年次,春学期,駿河台キャンパス,"8.成績評価の方法
主体的な取り組み30%,事前研究30%,研究報告書40%。"
フィールドスタディC 古川裕康,2単位,2年次,春学期,駿河台キャンパス,"8.成績評価の方法
平常点30%,貢献度30%,最終報告40%"
フィールドスタディD 石津寿惠,2単位,2年次,秋学期,駿河台キャンパス,"8.成績評価の方法
事前学習40点,フィールドスタディ訪問への貢献度40点,事後レポート20点(
報告書を作成します)。"
フィールドスタディD 新宅純二郎,2単位,2年次,秋学期,駿河台キャンパス,"8.成績評価の方法
事前学習(20%),調査実習とフィールドノート(60%),事後のレポー
トと発表(20%)として総合的に判定する。"
フィールドスタディD 古川裕康,2単位,2年次,秋学期,和泉キャンパス,"8.成績評価の方法
平常点30%,授業への貢献度30%,プレゼンテーション40%"
歌代豊・鶴田靖人 DIGIT入門演習I,2単位,1年次,秋学期,和泉キャンパス,"8.成績評価の方法
授業取組(30%)、個人演習レポート(40%)、グループ演習レポ
ート(30%)により総合的に評価する。"
DIGIT入門演習II 歌代豊,2単位,1年次,秋学期,和泉キャンパス,"8.成績評価の方法
授業取組(30%),個人演習レポート(40%),グループ演習レ
ポート(30%)により総合的に評価する。"
DIGIT入門演習II 高澤陽太朗,2単位,1年次,春学期,和泉キャンパス,"8.成績評価の方法
発表 70%
平常点(質疑応答等)30%"
DIGIT実践演習 歌代豊,2単位,3年次,春学期,駿河台キャンパス,"8.成績評価の方法
授業取組(30%),個人演習レポート(40%),グループ演習レ
ポート(30%)により総合的に評価する。"
DIGIT実践演習 高澤陽太朗,2単位,3年次,秋学期,駿河台キャンパス,"8.成績評価の方法
発表 70%
平常点(質疑応答等)30%"
簿記論I(統一) 浅野千鶴・大塚浩記・大野智弘・,2単位,1年次,春学期,和泉キャンパス,"8.成績評価の方法
基本的には定期試験の成績により評価する。ただし,担当教員に
より,出席,小テスト,宿題・課題なども評価対象として加味され
る。その場合,原則として,定期試験80%,平常点20%で評価する。
定期試験は,すべてのクラスについて,統一問題により同一日時に
実施する。授業回数の1/ 3以上を欠席した場合は「T」評価とす
る。"
簿記論II(統一) 浅野千鶴・大塚浩記・大野智弘・,2単位,1年次,秋学期,和泉キャンパス,"8.成績評価の方法
基本的には定期試験の成績により評価する。ただし,担当教員に
より,出席,小テスト,宿題・課題なども評価対象として加味され
る。その場合,原則として,定期試験80%,平常点20%で評価する。
定期試験は,すべてのクラスについて,統一問題により同一日時に
実施する。授業回数の1/ 3以上を欠席した場合は「T」評価とす
る。"
簿記論I〔M〕 浅野千鶴,2単位,1年次,春学期,不明,"8.成績評価の方法
平常点と定期試験の内容を総合して評価する。具体的には平常点
20%、定期試験80%の比率で評価する。定期試験は,すべてのク
ラスについて,統一問題により同一日時に実施する。
なお、未視聴回数および小テストの未回答回数が3分の1を超え
る場合(第2回以降の講義において未視聴回数および小テストの未
回答回数が5回以上の場合)には総合点の点数にかかわらず単位は
付与しない。"
簿記論II〔M〕 浅野千鶴,2単位,1年次,秋学期,不明,"8.成績評価の方法
平常点と定期試験の内容を総合して評価する。具体的には平常点20%、
定期試験80%の比率で評価する。定期試験は,すべてのクラスについて,
統一問題により同一日時に実施する。
なお、未視聴回数および小テストの未回答回数が3分の1を超える場合
(第2回以降の講義において未視聴回数および小テストの未回答回数が5回
以上の場合)には総合点の点数にかかわらず単位は付与しない。"
簿記論I〔M〕 森田広大,2単位,1年次,春学期,和泉キャンパス,"8.成績評価の方法
毎回の小テスト60%,期末レポート40%により,総合的に評価
する。"
簿記論II〔M〕 森田広大,2単位,1年次,秋学期,和泉キャンパス,"8.成績評価の方法
毎回の小テスト60%,期末レポート40%により,総合的に評価
する。"
簿記論I〔M〕 小俣光文,2単位,1年次,春学期,不明,"8.成績評価の方法
毎回の小テストの成績によって評価する。
※対面形式での試験は行わない。"
簿記論II〔M〕 小俣光文,2単位,1年次,秋学期,不明,"8.成績評価の方法
毎回の小テストに基づいて評価する。
※対面形式での試験は行わない。"
簿記論I〔M〕 森光高大,2単位,1年次,春学期,和泉キャンパス,"8.成績評価の方法
講義内の設問、課題などの平常点40%、各回講義終了後の理解確
認テスト60%によって総合評価する。"
簿記論II〔M〕 森光高大,2単位,1年次,春学期,和泉キャンパス,"8.成績評価の方法
原則として,講義中の設問および課題等の平常点40%,各回講
義終了後の理解度確認テスト60%で総合評価する。"
簿記論I 千葉貴律,2単位,1年次,秋学期,和泉キャンパス,"8.成績評価の方法
対面式授業であるので、全講義時間14回のうち、10回以上の出席
があることを評価の前提とします。
そのうえで、毎回の授業で行う小テスト・課題(50%)と、定期
試験(50%)で評価します。
なお、定期試験では、電卓以外の資料その他の持ち込みは不可とし
ます。
また、日商簿記検定試験の合格を理由に単位認定を求めてくる学生
がいますが、ここでいう成績評価はこの授業における評価であるの
で、簿記検定試験の結果を考慮することはありません。"
簿記論II 千葉貴律,2単位,1年次,春学期,和泉キャンパス,"8.成績評価の方法
対面式授業であるので、全講義時間14回のうち、10回以上の出席
があることを評価の前提とします。
そのうえで、毎回の授業で行う小テスト・課題(50%)と、定期
試験(50%)で評価します。
なお、定期試験では、電卓以外の資料その他の持ち込みは不可とし
ます。
また、日商簿記検定試験の合格を理由に単位認定を求めてくる学生
がいますが、ここでいう成績評価はこの授業における評価であるの
で、簿記検定試験の結果を考慮することはありません。"
BusinessPresentation A・B,2単位,3年次,不明,駿河台キャンパス,"8.成績評価の方法
Pleaserefertoeachsyllabus."
"BusinessPresentationA アズィーズ,ハキーム",2単位,3年次,春学期,駿河台キャンパス,"8.成績評価の方法
-ParticipationandAttendance:20%
-Assignments:20%
-Quizzes/Tests:30%
-Finalexam:30%
-Total100%"
"BusinessPresentationB アズィーズ,ハキーム",2単位,3年次,秋学期,駿河台キャンパス,"8.成績評価の方法
-ParticipationandAttendance:20%
-Assignments:20%
-Quizzes/Tests:30%
-Finalexam:30%
-Total100%"
"BusinessPresentationA ヴォーン,ロバート",2単位,3年次,春学期,駿河台キャンパス,"8.成績評価の方法
ActiveParticipationinclassactivities20%Mid-termPresentation20%
Shortpresentationsandclassassignments40%FinalPresentation20%"
"BusinessPresentationB ヴォーン,ロバート",2単位,3年次,秋学期,駿河台キャンパス,"8.成績評価の方法
ActiveParticipationinclassactivities20%Mid-termPresentation20%
Shortpresentationsandclassassignments40%FinalPresentation20%"
"BusinessPresentationA リンズクーグ,アレン",2単位,3年次,春学期,駿河台キャンパス,"8.成績評価の方法
Attendance:15%
Inclassparticipation:15%
Weeklyactivities:10%
Mid-termandfinal:20%
(2)presentation:40%"
"BusinessPresentationB リンズクーグ,アレン",2単位,3年次,秋学期,駿河台キャンパス,"8.成績評価の方法
Attendance:15%
Inclassparticipation:15%
Weeklyactivities:10%
Mid-termandfinal:20%
(1)presentation:40%"
BusinessEnglishA 金子敦子,2単位,3年次,春学期,駿河台キャンパス,"8.成績評価の方法
GradingPolicy:
ReportsandPresentations(2):40%
AssignmentsandQuizzes:40%
ContributiontoClass:20%
AttendancePolicy:
Studentswhomissmorethanthree(3)classesduringthe14-weekcourse
willreceiveafailinggrade.Three(3)instancesoftardinesswillbeconsidered
equivalenttoone(1)absence."
BusinessEnglishB 金子敦子,2単位,3年次,秋学期,駿河台キャンパス,"8.成績評価の方法
GradingPolicy:
ReportsandPresentations(2):40%
AssignmentsandQuizzes:40%
ContributiontoClass:20%
AttendancePolicy:
Studentswhomissmorethanthree(3)classesduringthe14-weekcourse
willreceiveafailinggrade.Three(3)instancesoftardinesswillbeconsidered
equivalenttoone(1)absence."
"BusinessEnglishA ヴォーン,ロバート",2単位,3年次,春学期,駿河台キャンパス,"8.成績評価の方法
ActiveParticipationinclassactivities20%Mid-termexam30%
Quizzes,assignments,presentations20%Finalexam30%"
"BusinessEnglishB ヴォーン,ロバート",2単位,3年次,秋学期,駿河台キャンパス,"8.成績評価の方法
ActiveParticipationinclassactivities20%Mid-termexam30%
Quizzes,assignments,presentations20%Finalexam30%"
BusinessEnglishA 増山隆,2単位,3年次,春学期,駿河台キャンパス,"8.成績評価の方法
(1)Attendanceandclassparticipation:30%,(2)Presentation
performance:40%,(3)Writtenassignments:30%
Nocreditswillbegivenforabsencesof1/3ormoreclassesforany
reasonwithoutexceptions.Ifthescoreofeither(1),(2),or(3)isbelow
60%ofeachcategory,then,nocreditswillbegiven."
BusinessEnglishB 増山隆,2単位,3年次,秋学期,駿河台キャンパス,"8.成績評価の方法
(1)Attendanceandclassparticipation:30%,(2)Presentation
performance:40%,(3)Writtenassignments:30%
Nocreditswillbegivenforabsencesof1/3ormoreclassesforany
reasonwithoutexceptions.Ifthescoreofeither(1),(2),or(3)isbelow
60%ofeachcategory,then,nocreditswillbegiven."
BusinessEnglishA 宮田理奈子,2単位,3年次,春学期,駿河台キャンパス,"8.成績評価の方法
Classparticipation40%,FinalExam(writtenexamorindividual
presentation)50%,Homework10%."
BusinessEnglishB 宮田理奈子,2単位,3年次,秋学期,駿河台キャンパス,"8.成績評価の方法
Classparticipation40%,Presentation50%Homework10%"
BusinessEnglishA 山高美和,2単位,3年次,春学期,駿河台キャンパス,"8.成績評価の方法
成績評価の方法
評価割合
授業への貢献度:50%
課題:50%
試験
対面形式での試験は実施しません。
単位取得条件
単位を取得するには、授業への貢献だけでなく、全ての課題を期限内に提出する必要があります。
出席に関する規定
※合計4回の欠席(公的機関発行の証明書を提出できない場合)は単位取得不可となります。
※合計3回までの公欠や病欠以外の欠席は認められますが、授業への貢献度評価は他の出席している学生
より低くなる可能性があるため、注意してください。
※公欠や病欠を申請する場合は、公的機関が発行した証明書を提示する必要があります。
遅刻
遅刻3回で欠席1回分として扱います。
授業参加の注意点
教材を持参しない場合や、授業貢献度が著しく低い場合は、評価が下がります。"
BusinessEnglishB 山高美和,2単位,3年次,秋学期,駿河台キャンパス,"8.成績評価の方法
成績評価の方法
評価割合
授業への貢献度:50%
課題:50%
試験
対面形式での試験は実施しません。
単位取得条件
単位を取得するには、授業への貢献だけでなく、全ての課題を期限内に提出する必要があります。
出席に関する規定
※合計4回の欠席(公的機関発行の証明書を提出できない場合)は単位取得不可となります。
※合計3回までの公欠や病欠以外の欠席は認められますが、授業への貢献度評価は他の出席している学生
より低くなる可能性があるため、注意してください。
※公欠や病欠を申請する場合は、公的機関が発行した証明書を提示する必要があります。
遅刻
遅刻3回で欠席1回分として扱います。
授業参加の注意点
教材を持参しない場合や、授業貢献度が著しく低い場合は、評価が下がります。"
"BusinessEnglishA リンズクーグ,アレン",2単位,3年次,春学期,駿河台キャンパス,"8.成績評価の方法
Attendance:15%
Inclassparticipation:15%
Weeklyactivities:10%
Mid-termandfinal:40%
(1)Presentation:20%"
"BusinessEnglishB リンズクーグ,アレン",2単位,3年次,秋学期,駿河台キャンパス,"8.成績評価の方法
Attendance:15%
Inclassparticipation:15%
Weeklyactivities:10%
Mid-termandfinal:40%
(1)Presentation:20%"
Fundamentals of Management A 鷲見淳,2単位,2年次,春学期,和泉キャンパス,"8.成績評価の方法
Assessment:
(1)10Quizzes40%
(2)Participationtotheclass(includingteampresentationsandgroup
discussions):30%.
(3)CaseStudyQuestionAssignment:30%.*CaseStudyQuestion:TBA"
Fundamentals of Management B 鷲見淳,2単位,2年次,秋学期,和泉キャンパス,"8.成績評価の方法
Assessment:
(1)10Quizzes40%
(2)Participationtotheclass(includingteampresentationsandgroup
discussions):30%.
(3)MiniCaseStudyReportAssignment:30%."
FundamentalsofManagementC 鷲見淳,2単位,2年次,春学期,駿河台キャンパス,"8.成績評価の方法
Assessment:
(1)10Quizzes40%
(2)Participationtotheclass(includingteampresentationsandgroup
discussions):30%.
(3)CaseStudyQuestionAssignment:30%.*CaseStudyQuestion:TBA"
FundamentalsofManagementD 鷲見淳,2単位,2年次,秋学期,駿河台キャンパス,"8.成績評価の方法
Assessment:
(1)10Quizzes40%
(2)Participationtotheclass(includingteampresentationsandgroup
discussions):30%.
(3)MiniCaseStudyReportAssignment:30%."
TransculturalBusinessCommunicationA 金子敦子,2単位,2年次,春学期,駿河台キャンパス,"8.成績評価の方法
GradingPolicy:
ReportsandPresentations(2):40%
AssignmentsandQuizzes:40%
ContributiontoClass:20%
AttendancePolicy:
Studentswhomissmorethanthree(3)classesduringthe14-weekcourse
willreceiveafailinggrade.Three(3)instancesoftardinesswillbe
consideredequivalenttoone(1)absence."
StrategicBusinessCommunicationA 金子敦子,2単位,2年次,春学期,和泉キャンパス,"8.成績評価の方法
Reportsandpresentations(2)40%;quizzesandassignments40%;
contributiontoclass:20%
Attendance:Ifstudentsmissmorethan3ofthe14classes,theywillnot
receivecredits.3latearrivalsequal1absence."
StrategicBusinessCommunicationB 金子敦子,2単位,2年次,秋学期,和泉キャンパス,"8.成績評価の方法
Reportsandpresentations(2)30%;quizzes30%;homework30%;
contributiontoclass:10%
Attendance:Ifstudentsmissmorethan3ofthe14classes,theywillnot
receivecredits.3latearrivalsequal1absence."
StrategicBusinessCommunicationA 宮田理奈子,2単位,2年次,春学期,和泉キャンパス,"8.成績評価の方法
ClassParticipation30%
Homework,Papers,30%
FinalExam40%"
StrategicBusinessCommunicationB 宮田理奈子,2単位,2年次,秋学期,和泉キャンパス,"8.成績評価の方法
Participation30%
Homework,Papers30%
FinalPresentation40%"
"StrategicBusinessCommunicationA リンズクーグ,アレン",2単位,2年次,春学期,和泉キャンパス,"8.成績評価の方法
・In-classparticipation 25%
・(2)presentations-50%
・homework 25%"
"StrategicBusinessCommunicationB リンズクーグ,アレン",2単位,2年次,秋学期,和泉キャンパス,"8.成績評価の方法
・In-classparticipation 25%
・(2)presentations-50%
・homework 25%"
経済原論A 今井拓,2単位,1年次,春学期,和泉キャンパス,"8.成績評価の方法
期末試験70点と小テスト30点を総合して評価する"
経済原論B 今井拓,2単位,1年次,秋学期,和泉キャンパス,"8.成績評価の方法
期末試験70点と小テスト30点を総合して評価します。"
ビジネス・エコノミックスA〔M〕 三上真寛,2単位,3年次,春学期,不明,"8.成績評価の方法
ウェブ上の課題(40%)、期末のオンライン試験(60%)により評価する。
※対面形式での試験は行わない。"
ビジネス・エコノミックスB〔M〕 三上真寛,2単位,3年次,秋学期,不明,"8.成績評価の方法
ウェブ上の課題(40%)、期末のオンライン試験(60%)により評価する。
※対面形式での試験は行わない。"
JapaneseEconomy 永野寛,2単位,1年次,秋学期,駿河台キャンパス,"8.成績評価の方法
ContributiontotheCourse(30%);Presentation(30%);FinalEssay(40%)"
経済史A 新川徳彦,2単位,1年次,春学期,和泉キャンパス,"8.成績評価の方法
小レポート:30%。
期末試験:70%。"
経済史B 新川徳彦,2単位,1年次,秋学期,和泉キャンパス,"8.成績評価の方法
小レポート:30%。
期末試験:70%。"
日本経済史A 大島久幸,2単位,1年次,春学期,和泉キャンパス,"8.成績評価の方法
毎回の授業の小テスト(50%)と期末の定期試験(50%)"
日本経済史B 大島久幸,2単位,1年次,秋学期,和泉キャンパス,"8.成績評価の方法
毎回の授業の小テスト(50%)と期末のオンライン試験もしく
は定期試験(50%)"
経営史A 宮田憲一,2単位,1年次,春学期,和泉キャンパス,"8.成績評価の方法
授業内課題(20%),期末試験(80%)により評価する。"
経営史B 宮田憲一,2単位,1年次,秋学期,和泉キャンパス,"8.成績評価の方法
授業内課題(20%),期末試験(80%)により評価する。"
経営統計学A 鶴田靖人,2単位,3年次,春学期,駿河台キャンパス,"8.成績評価の方法
期末試験(60%)、課題(40%)"
経営統計学B 鶴田靖人,2単位,3年次,春学期,駿河台キャンパス,"8.成績評価の方法
期末試験(60%)、課題(40%)"
経営基礎数学A 高澤陽太朗,2単位,1年次,春学期,和泉キャンパス,"8.成績評価の方法
小レポート50%,演習・最終発表50%
4回以上の欠席は成績評価対象外になります。"
経営基礎数学B 高澤陽太朗,2単位,1年次,秋学期,和泉キャンパス,"8.成績評価の方法
小レポート50%,講義内の発表50%
4回以上の欠席者は成績評価対象外になります。"
社会調査法 下村恭広,2単位,1年次,秋学期,和泉キャンパス,"8.成績評価の方法
授業内課題20%,中間試験40%,期末試験40%で評価します。"
経営社会学〔M〕 山下充,2単位,3年次,春学期,不明,"8.成績評価の方法
毎回2題程度出題する理解度確認テスト(1問2点で半期合計48点)と,毎回の授業内容
に関する記述式課題(13回分を52点換算)としますので,この授業は定期試験はおこない
ません。【なお,Oh-o!Meijiのテスト機能などを通して,テスト・記述課題の方式を授業開
始までに変更することがあります。シラバスの補足,授業ノートを確認して下さい。定期試
験をおこなわないことについては,変更はありません。】"
経営社会学〔M〕 山下充,2単位,3年次,秋学期,不明,"8.成績評価の方法
毎回2題程度出題する理解度確認テスト(1問2点で半期合計48点)と,毎回の授業
内容に関する記述式課題(13回分を52点換算)としますので,この授業は定期試験は
おこないません。【なお,Oh-o!Meijiのテスト機能などを通して,テスト・記述課題の
方式を授業開始までに変更することがあります。Oh-o!Meijiの初回授業を確認してく
ださい。定期試験をおこなわないことについては,変更はありません。】"
経営心理学〔M〕 中西晶,2単位,2年次,春学期,不明,"8.成績評価の方法
毎回の授業に応じたワークの成果(Oh-O!Meijiのアンケート機能を
使用予定)各回5点×13回=65点
最終回での全体の理解度確認テスト(Oh-O!Meijiの小テスト機能を
使用予定)35点
合計100点満点で評価する。"
産業生理学A 一之瀬真志,2単位,3年次,春学期,駿河台キャンパス,"8.成績評価の方法
平常点(20%)と期末試験(80%)により評価します。"
産業生理学B 一之瀬真志,2単位,3年次,秋学期,駿河台キャンパス,"8.成績評価の方法
平常点(20%)と期末試験(80%)により評価します。"
経営と環境A 松野裕,2単位,3年次,春学期,駿河台キャンパス,"8.成績評価の方法
・成績は、出席点(14点)とレポート点(42点)、期末試験点(44
点)の合計により評価する。
・出席点は授業で質問用紙に質問を記入することで授業1回につき
1点が与えられる(大幅な遅刻は0.5点)。ただし、就職活動(イ
ンターンを含む)や体育会の試合、病気や怪我など、やむを得な
い理由で欠席する場合、それを証明する書類を写真に撮るなどし
て提出すれば不利にならぬように配慮する(クラスウエブを通じ
てファイルで提出すること。)。授業動画は対面授業終了後に履修
者全員に対し公開され、欠席者も見ることができる。
・レポート点は各授業のレポートを翌週水曜午後11時までに提出し
た場合、1回につき3点が与えられる。上記期限以降に提出した
場合は2.4点が与えられる。
・レ ポートはワード等で作成したものを、クラスウェブを通じてフ
ァイルで提出すること。(昨季まで要求していた「手書き」は不要。)
・レポートは、授業の内容に対する感想・意見・考察を300字以上、
書くこと。(昨季まで要求していた「授業の内容のまとめ300字
以上」は不要。)
・レポートの字数を学生本人が数え、レポートに記入すること。"
経営と環境B 松野裕,2単位,3年次,秋学期,駿河台キャンパス,"8.成績評価の方法
・成績は、出席点(14点)とレポート点(42点)、期末試験点(44
点)の合計により評価する。
・出席点は授業で質問用紙に質問を記入することで授業1回につき
1点が与えられる(大幅な遅刻は0.5点)。ただし、就職活動(イ
ンターンを含む)や体育会の試合、病気や怪我など、やむを得な
い理由で欠席する場合、それを証明する書類を写真に撮るなどし
て提出すれば不利にならぬように配慮する(クラスウエブを通じ
てファイルで提出すること。)。授業動画は対面授業終了後に履修
者全員に対し公開され、欠席者も見ることができる。
・レポート点は各授業のレポートを翌週水曜午後11時までに提出し
た場合、1回につき3点が与えられる。上記期限以降に提出した
場合は2.4点が与えられる。
・レ ポートはワード等で作成したものを、クラスウェブを通じてフ
ァイルで提出すること。(昨季まで要求していた「手書き」は不要。)
・レポートは、授業の内容に対する感想・意見・考察を300字以上、
書くこと。(昨季まで要求していた「授業の内容のまとめ300字
以上」は不要。)
・レポートの字数を学生本人が数え、レポートに記入すること。"
経済地理学A 中澤高志,2単位,3年次,春学期,駿河台キャンパス,"8.成績評価の方法
レポート3回(400~800字程度)×20点+定期試験もしくは最終レポート40点。"
経済地理学B 中澤高志,2単位,3年次,秋学期,駿河台キャンパス,"8.成績評価の方法
レポート3回(800字程度)×20点+最終レポート40点。"
企業の社会的責任論 高巖,2単位,3年次,秋学期,駿河台キャンパス,"8.成績評価の方法
評価は以下の2点を合計して行う。
レポートの点数(50点)と出席点(50点)。
レポートの点数に関しては、最初のオリエンテーションで詳しく解
説する。"
マーケティング基礎論 唐澤龍也,2単位,2年次,春学期,和泉キャンパス,"8.成績評価の方法
本講義は以下の(1)・(2)を総合的に評価する。
(1)リアクション・ペーパー(5回程度実施する予定)
Oh-Meijiを使ってリアクション・ペーパーを提出する。
翌週の授業までに各個人へフィードバック(採点)をして返却する
(2)期末レポート
授業への参加度および理解度を示すリアクション・ペーパー50%、期末レポート50%"
マーケティング基礎論 唐澤龍也,2単位,2年次,秋学期,和泉キャンパス,"8.成績評価の方法
本講義は以下の(1)・(2)を総合的に評価する。
(1)リアクション・ペーパー(5回程度実施する予定)
Oh-Meijiを使ってリアクション・ペーパーを提出する。
翌週の授業までに各個人へフィードバック(採点)をして返却する
(2)期末レポート
授業への参加度を示すリアクション・ペーパー50%、期末レポート50%"
CorporateSocialResponsibility 高巖,2単位,3年次,春学期,駿河台キャンパス,"8.成績評価の方法
Theevaluationismadebysummingupthefollowingtwoscores.(1)
Feedbackevaluation(50points)and(2)attendance(50points).
Atthefirstorientationclass,Iwillexplainindetailhowtoevaluateyour
feedback.Thisissoimportantthatallofyouhavetoattendthefirstclass."
情報化社会論A 鈴木みゆき,2単位,1年次,春学期,和泉キャンパス,"8.成績評価の方法
平常点(出席,授業時提出物),試験をそれぞれ50%,50%の割
合で総合的に評価する。"
情報化社会論B 鈴木みゆき,2単位,1年次,秋学期,和泉キャンパス,"8.成績評価の方法
平常点(出席,授業時提出物),試験をそれぞれ50%,50%の割
合で総合的に評価する。"
InternetBusinessA 高橋徹,2単位,3年次,春学期,駿河台キャンパス,"8.成績評価の方法
Contributiontoclass(includingquestionnaireresponsesaftereachclass)60%
Finalreport40%"
InternetBusinessB 高橋徹,2単位,3年次,秋学期,駿河台キャンパス,"8.成績評価の方法
Contributiontoclass(includingquestionnaireresponsesaftereachclass)60%
Finalreport40%"
ContentsBusinessA 中谷安男,2単位,3年次,春学期,駿河台キャンパス,"8.成績評価の方法
Classcontributionfordiscussionandassignments:70%.Final
report:30%"
ContentsBusinessB 中谷安男,2単位,3年次,秋学期,駿河台キャンパス,"8.成績評価の方法
Classcontributionfordiscussionandassignments:70%.Final
report:30%"
ビジネス法 柿崎環,2単位,1年次,春学期,和泉キャンパス,"8.成績評価の方法
定期試験(またはレポート課題)によって評価する。"
会社法A 根本伸一,2単位,3年次,春学期,駿河台キャンパス,"8.成績評価の方法
中間レポートの提出を前提として定期試験により成績評価する。"
会社法B 根本伸一,2単位,3年次,秋学期,駿河台キャンパス,"8.成績評価の方法
中間レポートの提出を前提として定期試験により成績評価する。"
手形法・小切手法 高木正則,2単位,3年次,秋学期,駿河台キャンパス,"8.成績評価の方法
定期試験によって評価する予定である。"
財産法 神田英明,2単位,3年次,春学期,駿河台キャンパス,"8.成績評価の方法
1学期末試験(70%)、及び、2授業時間中に不定期に複数回実施する簡単な小テス
ト(30%)にて評価します。定期試験の答案作成にあたっては、基本的な理解が出来
ているかどうか、説得力ある論理を自分の考えとして展開しているかどうかを基準に
判断します。"
税法 加藤友佳,2単位,3年次,春学期,駿河台キャンパス,"8.成績評価の方法
中間テスト、期末テストの成績により評価します。"
労働法 小林大祐,2単位,3年次,春学期,駿河台キャンパス,"8.成績評価の方法
期末テスト 100%"
イギリス文化論 宇野毅,2単位,3年次,春学期,駿河台キャンパス,"8.成績評価の方法
試験やリポート(60%)と平常点(40%)等を基本として、総合評価がなさ
れる予定である。出席は重要なので、きちんとしなくてはならない。"
中国文化論 野田寛達,2単位,3年次,春学期,駿河台キャンパス,"8.成績評価の方法
平常点(20%),発表(50%),期末テスト(30%)"
海外経営事情A 伊藤信悟,2単位,1年次,春学期,駿河台キャンパス,"8.成績評価の方法
定期試験40%,授業中の研究報告20%,平常点40%(授業中のリアク
ションペーパー)。"
海外経営事情B 藤田麻衣,2単位,1年次,秋学期,駿河台キャンパス,"8.成績評価の方法
平常点(授業に対するコメント)30%,レポート30%,授業内のプレゼ
ンテーション40%で評価する。
※対面形式での試験は行わない。"
海外経営事情C 齋藤純,2単位,1年次,春学期,駿河台キャンパス,"8.成績評価の方法
■定期試験40%、課題レポート30%、平常点(授業中の出欠およびリア
クションペーパー)30%で評価する。"
海外経営事情D 濱田美紀,2単位,1年次,秋学期,駿河台キャンパス,"8.成績評価の方法
課題レポート(中間課題20%,期末課題30%),研究報告20%,
平常点(授業参加度,受講態度等)30%の割合で評価する。"
経営文献研究A 趙トウ基,2単位,3年次,春学期,駿河台キャンパス,"8.成績評価の方法
平常点20%、リアクションペーパーの提出20%、レポート60%"
経営文献研究B 熊田知晃,2単位,3年次,秋学期,駿河台キャンパス,"8.成績評価の方法
授業への参画度:60%、レポート:40%。詳しくは第1回授業時に
説明する。"
経営文献研究B 趙トウ基,2単位,3年次,秋学期,駿河台キャンパス,"8.成績評価の方法
平常点20%、リアクションペーパーの提出20%、レポート60%"
基礎専門演習A 早川佐知子,2単位,1年次,春学期,和泉キャンパス,"8.成績評価の方法
感想文(50%):毎回,授業の最後に書く時間を設ける
ディスカッション,プレゼンテーションへの貢献度(50%)"
基礎専門演習A 古川裕康,2単位,1年次,春学期,和泉キャンパス,"8.成績評価の方法
平常点30%,授業への貢献度30%,プレゼンテーション40%"
基礎専門演習A 三上真寛,2単位,1年次,春学期,和泉キャンパス,"8.成績評価の方法
議論への積極的な参加・発言(60%)と発表・課題への取り組み(40%)
によって評価する。"
基礎専門演習A 森田広大,2単位,1年次,春学期,和泉キャンパス,"8.成績評価の方法
授業内での報告・発言80%、期末課題20%により、総合的に評価
する。"
基礎専門演習A 趙トウ基,2単位,1年次,春学期,和泉キャンパス,"8.成績評価の方法
リアクションペーパー20%、プレゼンテーションへの貢献度30%、
レポート50%"
基礎専門演習B 趙トウ基,2単位,1年次,秋学期,和泉キャンパス,"8.成績評価の方法
リアクションペーパー20%、プレゼンテーションへの貢献度30%、
レポート50%"
基礎専門演習A 新宅純二郎,2単位,1年次,春学期,和泉キャンパス,"8.成績評価の方法
授業への貢献など平常点(20%),私の主張発表(40%),輪読発
表(40%)として総合的に判定する。"
基礎専門演習B 新宅純二郎,2単位,1年次,秋学期,和泉キャンパス,"8.成績評価の方法
授業への貢献など平常点(20%),私の主張発表(40%),輪読発
表(40%)として総合的に判定する。"
CoreSubjectsSeminarC 永井裕久,2単位,1年次,春学期,駿河台キャンパス,"8.成績評価の方法
Activeparticipationinclassdiscussionsandactivities:50%
InterimTeamPresentation(team):20%
FinalTeamPresentation(team):30%"
CoreSubjectsSeminarD 永井裕久,2単位,1年次,秋学期,駿河台キャンパス,"8.成績評価の方法
Activeparticipationinclassdiscussionsandactivities:60%
RolePlaying:20%
Teampresentation:20%"
基礎専門特別講義A 中村昭裕,2単位,1年次,春学期,和泉キャンパス,"8.成績評価の方法
課題(予習課題、リアクションペーパー等):25%
授業への参加度、プレゼン・ディベートの内容:50%
期末テスト:25%
ただし、単位認定は以下の条件を全て満たすことを前提とする。
・無断欠席がないこと。
・出席回数が全体の2/3以上であること。
・期末試験を受験すること。"
基礎専門特別講義B〔M〕 鳥居陽介,2単位,1年次,春学期,不明,"8.成績評価の方法
定期試験(択一式試験・80%)と中間レポート(20%)をもとに総合評価します。
ただし、定期試験を受験するための前提条件として、毎回感想の提出を求めます。全14回中10
回以上のアンケート回答がない場合は成績評価の対象外とします。また、中間レポート未提出の場
合も成績評価の対象外とします。定期試験は、対面ではなくオンラインで、定期試験実施期間中に
実施します。試験日時は、7月上旬を目途にOh-o!Meiji経由でのお知らせ配信を実施するとともに、
シラバスの補足に記載いたしますので、忘れずに確認してください。"
基礎専門特別講義C 宮田憲一,2単位,1年次,春学期,和泉キャンパス,"8.成績評価の方法
授業への貢献度30%,各発表(プレゼン)30%,成果物(事業計画書)40%により評価する。"
基礎専門特別講義D〔M〕 加藤友佳,2単位,1年次,秋学期,不明,"8.成績評価の方法
成績については以下の基準に従って評価する。
平常点(参加状況、課題):100%
※対面形式での試験は行わない。
※なお、3分の2以上の出席が確認できない履修者については評価の対象とな
らない。"
CoreSubjectsSpecialLecturesB 高木俊雄,2単位,3年次,秋学期,和泉キャンパス,"8.成績評価の方法
Sincethisclassmainlyconsistsofgroupworkandpresentations,
gradeevaluationisbasedon(1)participationingroupwork(40%),
(2)presentation(30%),and(3)finalreport(30%)."
企業論A 牛丸元,2単位,2年次,春学期,和泉キャンパス,"8.成績評価の方法
●小 テスト(1回20点×2回)40点,定期試験60点,合計100点
とし,本学が定める評価方法に従い評価する。"
企業論B 牛丸元,2単位,2年次,秋学期,和泉キャンパス,"8.成績評価の方法
●小テスト(1回20点×2回)40点,定期試験60点,合計100点
とし,本学が定める評価方法に従い評価する。"
企業論A 鳥居陽介,2単位,2年次,春学期,和泉キャンパス,"8.成績評価の方法
授業内課題20%、中間試験30%、定期試験50%の割合で総合的に
評価する。"
企業論B 鳥居陽介,2単位,2年次,秋学期,和泉キャンパス,"8.成績評価の方法
授業内課題20%、中間試験30%、定期試験50%の割合で総合的に
評価する。"
経営管理論A 青木克生,2単位,2年次,春学期,和泉キャンパス,"8.成績評価の方法
定期試験の結果で成績を評価する。持ち込みなしで,用語説明と
論述問題を出題する
アンケートの結果や小テストあるいはレポートなども成績に反映
させる"
経営管理論B 青木克生,2単位,2年次,秋学期,和泉キャンパス,"8.成績評価の方法
定期試験の結果で成績を評価する。持ち込みなしで,用語説明と
論述問題を出題する
アンケートの結果や小テストあるいはレポートなども成績に反映
させる"
経営管理論A 福原康司,2単位,2年次,春学期,和泉キャンパス,"8.成績評価の方法
授業貢献度(グループワーク):30~40点
期末試験:60~70点
注)期末試験の平均点によって授業貢献度(グループワーク)の評
価割合が変わる"
経営管理論B 福原康司,2単位,2年次,秋学期,和泉キャンパス,"8.成績評価の方法
授業貢献度(グループワーク):30~40点
期末試験:60~70点
注)期末試験の平均点によって授業貢献度(グループワーク)の評
価割合が変わる"
経営哲学A 佐藤聡彦,2単位,3年次,春学期,駿河台キャンパス,"8.成績評価の方法
不定期(対面授業時)あるいは定期に実施する小レポート,および平常時の授業への
参加(40%),期末レポート(60%)の合計点により総合的に評価する。「平常時の授
業への参加」とは,対面講義時に出席者に問いを発することがあるので,その際に自
己の考えを説得的に述べた場合,随時,加点されることを意味する。※対面形式での
試験は行わない。"
経営哲学B 佐藤聡彦,2単位,3年次,秋学期,駿河台キャンパス,"8.成績評価の方法
不定期(対面授業時)あるいは定期に実施する小レポート,および平常時の授業への
参加(40%),期末レポート(60%)の合計点により総合的に評価する。「平常時の授
業への参加」とは,対面講義時に出席者に問いを発することがあるので,その際に自
己の考えを説得的に述べた場合,随時,加点されることを意味する。※対面形式での
試験は行わない。"
経営戦略論A 歌代豊,2単位,3年次,春学期,駿河台キャンパス,"8.成績評価の方法
定期試験(60%),レポート(30%),小テスト・ミニ演習・授
業貢献等(10%)により総合的に評価する。"
経営戦略論B 歌代豊,2単位,3年次,秋学期,駿河台キャンパス,"8.成績評価の方法
定期試験(60%),レポート(30%),小テスト・ミニ演習・授
業貢献等(10%)を総合的に評価する。"
InnovationStrategyinJapanA 近藤光,2単位,3年次,春学期,駿河台キャンパス,"8.成績評価の方法
Theevaluationwillbebasedontheassignmentsconductedeachtime
(50%)andtheconfirmationtestconductedattheendoftheterm(50%)."
InnovationStrategyinJapanB 近藤光,2単位,3年次,秋学期,駿河台キャンパス,"8.成績評価の方法
Theevaluationwillbebasedontheassignmentsconductedeachtime
(50%)andtheconfirmationtestconductedattheendoftheterm(50%)."
イノベーション・マネジメントA 新宅純二郎,2単位,3年次,春学期,駿河台キャンパス,"8.成績評価の方法
成績評価は,平常点(50%)と最終試験(50%)で行います。平
常点は、毎回の質問カードの提出と授業中の小テスト(1~2回)。"
イノベーション・マネジメントB 新宅純二郎,2単位,3年次,秋学期,駿河台キャンパス,"8.成績評価の方法
成績は,授業中の課題提出とチーム研究の発表で評価する。"
マーケティング・マネジメントA 原田将,2単位,3年次,春学期,駿河台キャンパス,"8.成績評価の方法
出席(20点),課題レポート(30点×2回),授業中のリアクションペーパー(20点)で評価。"
マーケティング・マネジメントB 原田将,2単位,3年次,秋学期,駿河台キャンパス,"8.成績評価の方法
出席(20点),課題レポート(30点×2回),授業中のリアクションペーパー(20点)から評価する。"
グローバル・マーケティング論A 古川裕康,2単位,3年次,春学期,駿河台キャンパス,"8.成績評価の方法
平常点20%,小テスト30%,最終試験50%"
グローバル・マーケティング論B 古川裕康,2単位,3年次,秋学期,駿河台キャンパス,"8.成績評価の方法
平常点20%,小テスト30%,最終試験50%"
StrategicMarketingA 松浦良高,2単位,3年次,春学期,駿河台キャンパス,"8.成績評価の方法
30%groupdiscussion,30%casestudypresentation,40%individual
report"
StrategicMarketingB 松浦良高,2単位,3年次,秋学期,駿河台キャンパス,"8.成績評価の方法
30%groupdiscussion,30%casestudypresentation,40%individual
report"
雇用関係論 石塚史樹,2単位,3年次,春学期,駿河台キャンパス,"8.成績評価の方法
定期試験100%。"
労使関係論 石塚史樹,2単位,3年次,秋学期,駿河台キャンパス,"8.成績評価の方法
定期試験100%。"
企業内教育論 島内高太,2単位,3年次,秋学期,駿河台キャンパス,"8.成績評価の方法
・期末試験(80%),平常点(20%)
・なお,本講義において平常点とは,講義内で課す感想文等の提出による。"
能力開発論 島内高太,2単位,3年次,春学期,駿河台キャンパス,"8.成績評価の方法
・期末試験(80%),平常点(20%)
・なお,本講義において平常点とは,講義内で課す感想文等の提出に
よる。"
中小企業論 岡田浩一,2単位,3年次,春学期,駿河台キャンパス,"8.成績評価の方法
第14回に実施する論述形式での試験のみで評価します(試験100%)。"
ベンチャービジネス論 岡田浩一,2単位,3年次,春学期,駿河台キャンパス,"8.成績評価の方法
第14回に実施する論述形式での試験のみで評価します(試験100
%)。"
経営学史A 磯山優,2単位,3年次,春学期,駿河台キャンパス,"8.成績評価の方法
1.毎回授業後にオンラインで小テストを行います。(5点×10回)
2.中間試験(50点)と期末試験(100点)を行います。
3.合計して200点になるので、所定の点数を超えていれば合格と
します。
4.なお、出席は加点の対象とします。"
経営学史B 磯山優,2単位,3年次,秋学期,駿河台キャンパス,"8.成績評価の方法
1.毎回授業後にオンラインで小テストを行います。(5点×10回)
2.中間試験(50点)と期末試験(100点)を行います。
3.合計して200点になるので、所定の点数を超えていれば合格と
します。
4.なお、出席は加点の対象とします。"
International Management A 鷲見淳,2単位,3年次,春学期,駿河台キャンパス,"8.成績評価の方法
Assessment
Courseassessmentcomprisesthreecomponents:
(1)10Quizzes40%
(2)CASESTUDYREPORTASSIGNMENT50%(ONEPAGEANSWERThewordlimitwillbe400-500
wordsthatexcludesthelistofreferences).*CASESTUDYQUESTION:TBA
(3)Participationandengagementinclassdiscussions10%
Nofinalwrittenexaminationattheendofthesemester."
International Management B 鷲見淳,2単位,3年次,秋学期,駿河台キャンパス,"8.成績評価の方法
Assessment
Courseassessmentcomprisesthreecomponents:
(1)10Quizzes40%
(2)CASESTUDYREPORTASSIGNMENT50%(ONEPAGEANSWERThewordlimitwillbe400-500
wordsthatexcludesthelistofreferences).*CASESTUDYQUESTION:TBA
(3)Participationandengagementinclassdiscussions10%
Nofinalwrittenexaminationattheendofthesemester."
経営組織論 遠藤寛士,2単位,3年次,春学期,駿河台キャンパス,"8.成績評価の方法
小テスト(複数回実施)20%,リアクションペーパー10%,期末試
験70%を原則として評価する。
小テストならびにリアクションペーパーは事前予告なしで実施する。"
組織行動論 遠藤寛士,2単位,3年次,秋学期,駿河台キャンパス,"8.成績評価の方法
小テスト(複数回実施)20%,リアクションペーパー10%,期末試
験70%を原則として評価する。
小テストならびにリアクションペーパーは事前予告なしで実施する。"
財務管理論 鳥居陽介,2単位,3年次,春学期,駿河台キャンパス,"8.成績評価の方法
授業内課題20%、中間試験30%、定期試験50%の割合で総合的に評価する。"
現代コーポレートファイナンス論 鳥居陽介,2単位,3年次,秋学期,駿河台キャンパス,"8.成績評価の方法
授業内課題20%、中間試験30%、定期試験50%の割合で総合的に評
価する。"
人事労務管理論A 山崎憲,2単位,3年次,春学期,駿河台キャンパス,"8.成績評価の方法
レポート40%,期末試験60%。"
人事労務管理論B 山崎憲,2単位,3年次,秋学期,駿河台キャンパス,"8.成績評価の方法
レポート40%,期末試験60%。"
ナレッジ・マネジメント論〔M〕 中西晶,2単位,3年次,秋学期,不明,"8.成績評価の方法
毎回の授業に応じたワークの成果(Oh-O!Meijiのアンケート機能を使用予
定)各回5点×13回=65点
最終回での全体の理解度確認テスト(Oh-O!Meijiの小テスト機能を使用予
定)35点
合計100点満点で評価する。"
経営技術論 近藤光,2単位,3年次,春学期,駿河台キャンパス,"8.成績評価の方法
授業への貢献度・授業内レポート・少テストなど「平常点:40点」と「定期試験:60点」
の合計によって評価します。
授業内レポートに対しては,授業内およびOh-o!Meijiシステムを活用してフィードバ
ックを行います。"
技術戦略論 近藤光,2単位,3年次,秋学期,駿河台キャンパス,"8.成績評価の方法
授業への貢献度・授業内レポート・少テストなど「平常点:40点」と「定期
試験:60点」の合計によって評価します。
授業内レポート・小テストに対しては,授業内およびOh-o!Meijiシステムを
活用してフィードバックを行います。"
経営文化論A 中畑充弘,2単位,3年次,春学期,駿河台キャンパス,"8.成績評価の方法
定期試験50%、レポート20%、授業への意欲的参加・貢献度30%
※対面形式での試験は行わない。"
経営文化論B 中畑充弘,2単位,3年次,秋学期,駿河台キャンパス,"8.成績評価の方法
定期試験50%,レポート20%,授業への意欲的参加・貢献度30%
※対面形式での試験は行わない"
国際経営史A 近藤光,2単位,3年次,春学期,駿河台キャンパス,"8.成績評価の方法
平常点および理解度確認テスト(20%),課題図書レポート(30%),定期
試験(50%)を合算し成績を評価する。単位を取得するためには課題図書レ
ポートを期日内に提出し、定期試験を受験する必要がある。"
国際経営史B 近藤光,2単位,3年次,秋学期,駿河台キャンパス,"8.成績評価の方法
平常点および理解度確認テスト(20%),課題図書レポート(30%),
定期試験(50%)を合算し成績を評価する。単位を取得するためには課題
図書レポートを期日内に提出し、定期試験を受験する必要がある。"
日本経営論A 長谷部弘道,2単位,3年次,春学期,駿河台キャンパス,"8.成績評価の方法
授業内課題(20%),期末試験(80%)により評価する。"
日本経営論B 長谷部弘道,2単位,3年次,秋学期,駿河台キャンパス,"8.成績評価の方法
授業内課題(20%),期末試験(80%)により評価する。"
日本経営史 佐々木聡,2単位,3年次,秋学期,駿河台キャンパス,"8.成績評価の方法
小テスト+課題レポート(50%:いずれか1つを実施の場合も双方実施の場合も全体の
50%,すなわち双方実施の場合はそれぞれで25%(計50%),期末試験(50%)とする。
なお,小テスト+課題レポートは必要条件とするので,小テストを受けなかった場合あるい
は課題レポートを期限までに提出しない場合は,前記の評価基準にかかわらず,自動的に単
位取得は不可とする。"
日本企業者史 佐々木聡,2単位,3年次,春学期,駿河台キャンパス,"8.成績評価の方法
小テスト+課題レポート(50%),期末試験(50%)とする。なお,小テスト
の受験と課題レポートの提出は必要条件とするので,小テストを受けなかった場
合や課題レポートを期限までに提出しなかった場合は,前記の評価基準や理由の
いかんにかかわらず,自動的に不可とする。"
比較経営論(アメリカ)A 宮田憲一,2単位,3年次,春学期,駿河台キャンパス,"8.成績評価の方法
毎回の課題と発言などの平常点(40%),期末試験(60%)により評価する。"
比較経営論(アメリカ)B 宮田憲一,2単位,3年次,春学期,駿河台キャンパス,"8.成績評価の方法
毎回の課題と発言などの平常点(40%),期末試験(60%)により評価する。"
比較経営論(西欧)A 林薫子,2単位,3年次,春学期,駿河台キャンパス,"8.成績評価の方法
期末試験は実施せず、講義では毎回30分程度のアクティブラーニング
を行う。具体的にはディスカッション、レポートの提出およびプレゼンテ
ーションを実施し、その点数(60%)と授業への参加度(40%)で総合
的に評価する。"
比較経営論(西欧)B 林薫子,2単位,3年次,秋学期,駿河台キャンパス,"8.成績評価の方法
期末試験は実施せず、講義では毎回30分程度のアクティブラーニング
を行う。具体的にはディスカッション、レポートの提出およびプレゼンテ
ーションを実施し、その点数(60%)と授業への参加度(40%)で総合
的に評価する。"
比較経営論(ロシア・東欧)A 加藤志津子,2単位,3年次,春学期,駿河台キャンパス,"8.成績評価の方法
平常点:授業内でのアンケート等(50点)。1回のみ自由レポー
トを提出できる(10点)。
定期試験:持ち込みすべて可(50点)。"
比較経営論(ロシア・東欧)B 加藤志津子,2単位,3年次,秋学期,駿河台キャンパス,"8.成績評価の方法
平常点:授業内でのアンケート等(50点)。1回のみ自由レポー
トを提出できる(10点)。
定期試験:持ち込みすべて可(50点)。"
比較経営論(中国)A カク燕書,2単位,3年次,春学期,駿河台キャンパス,"8.成績評価の方法
授業参加(30%),ミニレポート(20%),最終テスト(50%)の配分で評価する。"
比較経営論(中国)B カク燕書,2単位,3年次,秋学期,駿河台キャンパス,"8.成績評価の方法
授業参加(30%),ミニレポート(20%),最終テスト(50%)
の配分で評価する。"
TransculturalManagementA 永井裕久,2単位,3年次,春学期,駿河台キャンパス,"8.成績評価の方法
Activeparticipationinclassdiscussionsandactivities:60%
Teampresentation:20%
Individualpresentation:20%"
TransculturalManagementB 永井裕久,2単位,3年次,秋学期,駿河台キャンパス,"8.成績評価の方法
ActiveParticipationinClassDiscussion:60%
InterimPresentation:10%
FinalPresentationanddiscussion:30%"
経営学外国書講読A カク燕書,2単位,3年次,春学期,駿河台キャンパス,"8.成績評価の方法
小テスト:40% 筆記試験:40% 授業参加:20%"
経営学外国書講読B カク燕書,2単位,3年次,秋学期,駿河台キャンパス,"8.成績評価の方法
小テスト:40% 筆記試験:40% 授業参加:20%"
経営学外国書講読A 加藤志津子,2単位,3年次,春学期,駿河台キャンパス,"8.成績評価の方法
平常点:授業時の発表で評価する(50点)。1回のみ自由レポー
トを提出できる(10点)。
定期試験:持ち込みすべて可(50点)。"
経営学外国書講読B 加藤志津子,2単位,3年次,秋学期,駿河台キャンパス,"8.成績評価の方法
平常点:授業時の発表で評価する(50点)。1回のみ自由レポー
トを提出できる(10点)。
定期試験:持ち込みすべて可(50点)。"
経営学外国書講読A 徐玉琴,2単位,3年次,春学期,駿河台キャンパス,"8.成績評価の方法
発表30%、中間試験30%、期末試験40%"
経営学外国書講読B 徐玉琴,2単位,3年次,秋学期,駿河台キャンパス,"8.成績評価の方法
発表30%、中間試験30%、期末試験40%"
経営学外国書講読A 石塚史樹,2単位,不明,春学期,駿河台キャンパス,"8.成績評価の方法
授業への貢献度(50%),報告内容(50%)。本講義において出席は絶
対であるため、「履修上の注意」を参照すること。"
経営学外国書講読B 石塚史樹,2単位,不明,秋学期,駿河台キャンパス,"8.成績評価の方法
授業への貢献度(50%),報告内容(50%)。本講義において出席は絶
対であるため、「履修上の注意」を参照すること。"
経営学外国書講読A 関家ちさと,2単位,3年次,春学期,駿河台キャンパス,"8.成績評価の方法
・平常点20%(欠席は3回まで)
・ 授業への貢献度(ディスカッションへの参加度合い、コメントペ
ーパーの提出) 40%
・課題レポート40%
*コロナやインフル等の感染症による欠席は考慮します。
* 就活やゼミ活動等の学生活動での欠席は2回までとし、代替課題
の提出によって出席扱いとします。
*コメントペーパーは、3回未提出で1回欠席扱いとします。"
経営学外国書講読B 関家ちさと,2単位,3年次,秋学期,駿河台キャンパス,"8.成績評価の方法
・平常点20%(欠席は3回まで)
・授業への貢献度(ディスカッションへの参加度合い、コメントペ
ーパーの提出) 40%
・課題レポート40%
*コロナやインフル等の感染症による欠席は考慮します。
* 就活やゼミ活動等の学生活動での欠席は2回までとし、代替課題
の提出によって出席扱いとします。
*コメントペーパーは、3回未提出で1回欠席扱いとします。"
経営学外国書講読A 多田稔,2単位,3年次,春学期,駿河台キャンパス,"8.成績評価の方法
春学期末に実施する試験,授業時の翻訳点,平常点を加算して100点満
点とし評価します。それぞれの点数配分は以下の通りです。
1春学期末試験:70点
2翻訳点:20点(質問に対する回答点+翻訳点)
3平常点:10点(受講態度等)
なお,出席率が70%未満の場合は,春学期末試験の受験資格を喪失す
るものとします。"
経営学外国書講読B 多田稔,2単位,3年次,秋学期,駿河台キャンパス,"8.成績評価の方法
秋学期末に実施する試験,授業時の翻訳点,平常点を加算して100点満
点とし評価します。それぞれの点数配分は以下の通りです。
1秋学期末試験:70点
2翻訳点:20点(質問に対する回答点+翻訳点)
3平常点:10点(受講態度等)
なお,出席率が70%未満の場合は,秋学期末試験の受験資格を喪失す
るものとします。"
経営学外国書講読A 原木英一,2単位,3年次,春学期,駿河台キャンパス,"8.成績評価の方法
ディスカッションへの貢献度(30%),翻訳等の発表(30%),期末試験
(40%)を総合的に判断する。"
経営学外国書講読B 原木英一,2単位,3年次,秋学期,駿河台キャンパス,"8.成績評価の方法
ディスカッションへの貢献度(30%),翻訳等の発表(30%),期末
試験(40%)を総合的に判断する。"
経営学外国書講読A 古川裕康,2単位,3年次,春学期,駿河台キャンパス,"8.成績評価の方法
平常点(40%),翻訳等の発表(30%),期末試験の結果(30%)を総合的に判断
する。"
経営学外国書講読B 古川裕康,2単位,3年次,秋学期,駿河台キャンパス,"8.成績評価の方法
平常点(40%),翻訳等の発表(30%),レポート(30%)を総合的に判断する。"
経営学外国書講読A 山下智佳,2単位,3年次,春学期,駿河台キャンパス,"8.成績評価の方法
期末試験40%,平常点(受講態度,授業への参加度等)30%,
課題,発表30%の割合で総合的に評価します。なお,期末試験の
受験には3分の2以上の出席が前提となります。"
経営学外国書講読B 山下智佳,2単位,3年次,秋学期,駿河台キャンパス,"8.成績評価の方法
期末試験40%,平常点(受講態度,授業への参加度等)30%,
課題,発表30%の割合で総合的に評価します。なお,期末試験の
受験には3分の2以上の出席が前提となります。"
経営学外国書講読A 李熙明,2単位,3年次,春学期,駿河台キャンパス,"8.成績評価の方法
定期試験50%,授業への貢献度50%"
経営学外国書講読B 李熙明,2単位,3年次,秋学期,駿河台キャンパス,"8.成績評価の方法
定期試験50%,授業への貢献度50%"
経営学特別講義A 金野索一,2単位,1年次,春学期,駿河台キャンパス,"8.成績評価の方法
最後に提出する新規事業計画50%,各自1回担当する講義テーマリサ
ーチ25%,授業への参加度25%"
経営学特別講義B 岡田浩一,2単位,1年次,秋学期,駿河台キャンパス,"8.成績評価の方法
試験は行わず,授業への参加度とレポート評価での評価とします。
授業参加度60%
レポート評価40%"
経営学特別講義D 宮田憲一,2単位,3年次,秋学期,駿河台キャンパス,"8.成績評価の方法
授業への貢献度30%,各発表(プレゼン)30%,成果物(事業設計書)40%により評価する。"
SpecialLecturesonBusinessManagementC 永井裕久,2単位,3年次,春学期,駿河台キャンパス,"8.成績評価の方法
Active participation in class activities: 60%
Team Presentation 20% x 2 times: 40%"
SpecialLecturesonBusinessManagementD 永井裕久,2単位,3年次,秋学期,駿河台キャンパス,"8.成績評価の方法
Active participation in class discussions and activities: 60%
Skit Project: 20%
Individual presentations: 20%"
"Information Ethics A〔M〕 ADAMS, ANDREW",不明,不明,不明,不明,"8.成績評価の方法
90%: S 80%: A 70%: B 60%: C Below 59%: Fail
Presentations (2): 50%
Post-Presentation Essays (2): 50%"
"Information Ethics B〔M〕 ADAMS, ANDREW",不明,不明,不明,不明,"8.成績評価の方法
90%: S 80%: A 70%: B 60%: C Below 59%: Fail
Presentations (2): 50%
Post-Presentation Reports (2): 50%"
"Information Science A〔M〕 ADAMS, ANDREW",不明,不明,不明,不明,"8.成績評価の方法
90%: S 80%: A 70%: B 60%: C Below 59%: Fail
Presentations (2): 50%
Post-Presentation Essays (2): 50%"
"Information Science B〔M〕 ADAMS, ANDREW",不明,不明,不明,不明,"8.成績評価の方法
90%: S 80%: A 70%: B 60%: C Below 59%: Fail
Presentations (2): 50%
Post-Presentation Reports (2): 50%"
"E Commerce A〔M〕 ADAMS, ANDREW",不明,不明,不明,不明,"8.成績評価の方法
90%: S 80%: A 70%: B 60%: C Below 59%: Fail
Presentations (2): 50%
Post-Presentation Reports (2): 50%"
"E Commerce B〔M〕 ADAMS, ANDREW",不明,不明,不明,不明,"8.成績評価の方法
90%: S 80%: A 70%: B 60%: C Below 59%: Fail
Presentations (2): 50%
Post-Presentation Reports (2): 50%"
"The Future of E Business A〔M〕 ADAMS, ANDREW",不明,不明,不明,不明,"8.成績評価の方法
90%: S 80%: A 70%: B 60%: C Below 59%: Fail
Presentations (2): 50%
Post-Presentation Essays (2): 50%"
"The Future of E Business B〔M〕 ADAMS, ANDREW",不明,不明,不明,不明,"8.成績評価の方法
90%: S 80%: A 70%: B 60%: C Below 59%: Fail
Presentations (2): 50%
Post-Presentation Essays (2): 50%"
"OrganizationalBehaviorA〔M〕 DASSANAYAKE,",不明,不明,不明,不明,"8.成績評価の方法
a) Active participation and engagement in classroom meetings―70%
b) Case study analysis, i.e. written assignment and oral presentations―30%
No final written examination given at the end of the semester"
"OrganizationalBehaviorB〔M〕 DASSANAYAKE,",不明,不明,秋学期,不明,"8.成績評価の方法
a) Active participation and engagement in classroom meetings―70%
b) Case study analysis, i.e. written assignment and oral presentations―30%
No final written examination given at the end of the semester"
"StrategicManagementA〔M〕 DASSANAYAKE,",不明,不明,不明,不明,"8.成績評価の方法
a) Active participation and engagement in classroom meetings―70%
b) Case study analysis, i.e. written assignment and oral presentations―30%
No final written examination given at the end of the semester"
"StrategicManagementB〔M〕 DASSANAYAKE,",不明,不明,不明,不明,"8.成績評価の方法
a) Active participation and engagement in classroom meetings―70%
b) Case study analysis, i.e. written assignment and oral presentations―30%
No final written examination given at the end of the semester"
Transnational Management A SUMI ATSUSHI,不明,不明,不明,不明,"8.成績評価の方法
Course Evaluation:
Student performance will be assessed based on the following criteria:
1. Oral Presentations (50%)
• Each student will deliver 5 to 6 oral reports on assigned textbook sections throughout the
semester.
• Presentations should be accompanied by a brief summary.
2. Case Report (40%)
• Submit an English report (A4 size, 8–10 pages, 3200–4000 words).
3. Overall Class Participation (10%)
• Includes active engagement in group discussions and class activities."
Transnational Management B SUMI ATSUSHI,不明,不明,不明,不明,"8.成績評価の方法
Course Evaluation:
Student performance will be assessed based on the following criteria:
1. Oral Presentations (50%)
• Each student will deliver 5 to 6 oral reports on assigned textbook sections throughout the
semester.
• Presentations should be accompanied by a brief summary.
2. Case Report (40%)
• Submit an English report (A4 size, 4–5 pages, 1200–1600 words).
3. Overall Class Participation (10%)
• Includes active engagement in group discussions and class activities."
Human Resource Management B〔M〕 許佑旭,不明,不明,不明,不明,"8.成績評価の方法
In class participation: 30%
Group project presentation: 20%
Final presentation: 10%
Final report: 40%"
Family Business A〔M〕 許佑旭,不明,不明,不明,不明,"8.成績評価の方法
In-class participation: 40%
Presentation: 10%
Group project presentation: 10%
Final report: 40%"
International Marketing A〔M〕 不明,不明,不明,不明,不明,"8.成績評価の方法
Class Discussion (30%)
Presentation X2 (30%)
Case Study X2 (40%)"
International Marketing B〔M〕 不明,不明,不明,不明,不明,"8.成績評価の方法
Class Discussion (30%)
Presentation (30%)
Case Study X2 (40%)"
Service Marketing A〔M〕 不明,不明,不明,不明,不明,"8.成績評価の方法
Class Discussion (20%)
Presentation (20%)
Case Study X3 (60%)"
Service Marketing B〔M〕 不明,不明,不明,不明,不明,"8.成績評価の方法
Class Discussion (30%)
Final Evaluation (Presentation) (30%)
Case Study X2 (40%)"
財務会計総論A 石津寿惠,2単位,1年次,春学期,和泉キャンパス,"8.成績評価の方法
平常点(授業中のクイズへの解答など)50%,授業時間内作成レポート15%、
中間小テスト15%,最終テスト(クイズ)20%。
※期末試験中のテストはありません。最終テストとは最終回に行うクイズ形式(ク
ラスウェブ利用)のテストです。
社会情勢等により評価配分などが変更になることがあり得ます。変更があった場
合は,早急にシラバスの補足でお知らせしますので,必ず確認してください。"
財務会計総論A〔M〕 石津寿惠,2単位,1年次,春学期,不明,"8.成績評価の方法
毎回の、コンテンツ終了時の小テスト50%
授業時間内に作成するレポート30%
最終回のまとめのクイズ20%
★期末テストは行いません。
社会情勢等により変更が生じた場合は,早急にシラバスの補足でお知らせします
ので,必ず確認してください。"
財務会計総論B 石津寿惠,2単位,1年次,秋学期,和泉キャンパス,"8.成績評価の方法
平常点(授業中のクイズへの解答など)50%,授業時間内作成レポート15%、
中間小テスト15%,最終テスト(クイズ)20%。
※期末試験中のテストはありません。最終テストとは最終回に行うクイズ形式(ク
ラスウェブ利用)のテストです。
社会情勢等により評価配分などが変更になることがあり得ます。変更があった場
合は,早急にシラバスの補足でお知らせしますので,必ず確認してください。"
財務会計総論B〔M〕 石津寿惠,2単位,1年次,秋学期,不明,"8.成績評価の方法
毎回の、コンテンツ終了時の小テスト50%
授業時間内に作成するレポート30%
最終回のまとめのクイズ20%
★期末テストは行いません。
社会情勢等により変更が生じた場合は,早急にシラバスの補足でお知らせします
ので,必ず確認してください。"
管理会計総論A〔M〕 大槻晴海,2単位,1年次,春学期,和泉キャンパス,"8.成績評価の方法
「振り返りシート」(20%),「確認テスト」または「グループワークの評価」・「グループワー
ク成果発表動画」(20%),定期試験(60%)
※対面形式の定期試験を行います。"
管理会計総論A〔M〕 大槻晴海,2単位,1年次,春学期,不明,"8.成績評価の方法
「振り返りシート」(20%),「確認テスト」(40%),レポート(40%)"
管理会計総論B〔M〕 大槻晴海,2単位,1年次,秋学期,和泉キャンパス,"8.成績評価の方法
「振り返りシート」(20%),「確認テスト」または「グループワークの評価」・「グループワー
ク成果発表動画」(20%),定期試験(60%)
※対面形式の定期試験を行います。"
管理会計総論B〔M〕 大槻晴海,2単位,1年次,秋学期,不明,"8.成績評価の方法
「振り返りシート」(20%),「確認テスト」(40%),レポート(40%)"
中級簿記論 大塚浩記,2単位,2年次,春学期,和泉キャンパス,"8.成績評価の方法
定められた出席回数を満たしていることを前提に,原則として定
期試験(100%)で評価する。
ただし,授業の進行上,課題を課すことがあった場合には,定期試
験(80%)と課題(20%)で評価する。
評価の趣旨は,第1回目の授業の際にお話しする。"
上級簿記論 大塚浩記,2単位,2年次,秋学期,和泉キャンパス,"8.成績評価の方法
定められた出席回数を満たしていることを前提に,原則として定
期試験(100%)で評価する。
ただし,授業の進行上,課題を課すことがあった場合には,定期試
験(80%)と課題(20%)で評価する。
評価の趣旨は,第1回目の授業でお話しする。"
財務諸表論A 大倉学,2単位,3年次,春学期,駿河台キャンパス,"8.成績評価の方法
平常点(20%),レポート1回(10%),定期試験(70%)
講義内容に即した数回に1回のリアクション・ペーパー提出およ
びディスカッションにおける積極的姿勢を平常点の評価対象とする。"
財務諸表論B 大倉学,2単位,3年次,秋学期,駿河台キャンパス,"8.成績評価の方法
平常点(20%),レポート1回(10%),定期試験(70%)
講義内容に即した数回に1回のリアクション・ペーパー提出およ
びディスカッションにおける積極的姿勢を平常点の評価対象とする。"
現代会計基準論A 浅野千鶴,2単位,3年次,春学期,駿河台キャンパス,"8.成績評価の方法
定期試験および小テストの成績,授業中の態度等を総合的に判断
して評価する。
目安としては,平常点30%,定期テスト70%。
小テスト用紙は授業開始時に配布するので,遅刻しないように注
意すること。"
現代会計基準論B 浅野千鶴,2単位,3年次,秋学期,駿河台キャンパス,"8.成績評価の方法
定期試験および毎回実施する小テストの成績,授業中の態度等を
総合的に判断して評価する。
目安としては,平常点30%,定期テスト70%。
小テスト用紙は授業開始時に配布するので,遅刻しないように注
意すること。"
監査論A 小俣光文,2単位,3年次,春学期,駿河台キャンパス,"8.成績評価の方法
毎回講義内でミニテストを行い,まとめの回に復習テストを行いこ
の2つの要素を基礎に成績を決定する。
(配点割合は概ね次のとおり)
1毎回のミニテスト(60%) 2復習テスト期末試験の成績(40%)"
監査論B 小俣光文,2単位,3年次,秋学期,駿河台キャンパス,"8.成績評価の方法
毎回講義内でミニテストを行い,まとめの回に復習テストを行い
この2つの要素を基礎に成績を決定する。
(配点割合は概ね次のとおり)
1毎回のミニテスト(60%) 2復習テスト期末試験の成績(40%)"
国際財務報告論A 石田万由里,2単位,3年次,春学期,駿河台キャンパス,"8.成績評価の方法
1 平常点(グループワークの参加状況・相対評価,プレゼンテーショ
ンおよびディスカッションの内容など):30%
2 レポート:30%
3 期末試験:40%
※3分の2以上の出席が確認できない履修者については評価の対象とな
らない。"
国際財務報告論B 石田万由里,2単位,3年次,秋学期,駿河台キャンパス,"8.成績評価の方法
1 平常点(グループワークの参加状況・相対評価,プレゼンテーショ
ンおよびディスカッションの内容など):30%
2 レポート:30%
3 期末試験:40%
※3分の2以上の出席が確認できない履修者については評価の対象とな
らない。"
Basic Accounting A 中島真澄,2単位,1年次,春学期,和泉キャンパス,"8.成績評価の方法
ClassContribution15%
Assignments15%
MidtermExam30%
FinalExam40%"
BasicAccountingB 中島真澄,2単位,1年次,秋学期,和泉キャンパス,"8.成績評価の方法
ClassContribution15%
Assignments15%
MidtermExam30%
FinalExam40%"
FinancialAccountingA 中島真澄,2単位,3年次,春学期,駿河台キャンパス,"8.成績評価の方法
ClassContribution15%
Assignments15%
Mid-termExam30%
FinalExam40%"
FinancialAccountingB 中島真澄,2単位,3年次,秋学期,駿河台キャンパス,"8.成績評価の方法
ClassContribution15%
Assignments15%
MidtermExam30%
FinalExam40%"
原価計算論I 長野史麻,2単位,1年次,春学期,和泉キャンパス,"8.成績評価の方法
授業中の課題(30%),中間試験(35%),期末試験(35%)によ
り総合的に評価する。"
原価計算論II 長野史麻,2単位,1年次,秋学期,和泉キャンパス,"8.成績評価の方法
授業中の課題(30%),中間試験(35%),期末試験(35%)によ
り総合的に評価する。"
原価計算論I〔M〕 長野史麻,2単位,1年次,春学期,不明,"8.成績評価の方法
毎週の小テスト(40%)と課題(40%)、小テストと課題への取り組
み状況(20%)により総合的に評価する。"
原価計算論II〔M〕 長野史麻,2単位,1年次,秋学期,不明,"8.成績評価の方法
毎週の小テスト(40%)と課題(40%)、小テストと課題への取り
組み状況(20%)により総合的に評価する。"
原価管理論A 森光高大,2単位,3年次,春学期,駿河台キャンパス,"8.成績評価の方法
小テスト(20%)、講義内の設問やレポート等の平常点(20%)、
定期試験(60%)によって評価を行います。"
原価管理論B 森光高大,2単位,3年次,秋学期,駿河台キャンパス,"8.成績評価の方法
小テスト(20%)、講義内の設問やレポート等の平常点(20%)、
定期試験(60%)によって評価を行います。"
ManagementAccountingA〔M〕 長野史麻,2単位,3年次,春学期,不明,"8.成績評価の方法
Weeklyassessmentpiece/s(50%)andexam/s(50%).Detailedinformationon
theassessmentpiecesandtheexamwillbeprovidedbythelectureronthe
firstweekofthesemester."
ManagementAccountingB〔M〕 長野史麻,2単位,3年次,秋学期,不明,"8.成績評価の方法
Weeklyassessmentpiece/s(50%)andexam/s(50%).Detailedinformationon
theassessmentpiecesandtheexamwillbeprovidedbythelectureronthe
firstweekofthesemester."
会計情報システム論A 本橋正美,2単位,3年次,春学期,駿河台キャンパス,"8.成績評価の方法
小テスト2回(各25%),定期試験(50%)の配分で評価する。"
会計情報システム論B 本橋正美,2単位,3年次,秋学期,駿河台キャンパス,"8.成績評価の方法
小テスト2回(各25%),定期試験(50%)の配分で評価する。"
環境会計論A 千葉貴律,2単位,3年次,春学期,駿河台キャンパス,"8.成績評価の方法
対面式授業であるので、全講義時間14回のうち、10回以上の出席があること
を評価の前提とします。
そのうえで、毎回の授業で行う小テスト・課題(50%)と、定期試験(50%)
で評価します。
なお、定期試験では、電卓以外の資料その他の持ち込みは不可とします。"
環境会計論B 千葉貴律,2単位,3年次,秋学期,駿河台キャンパス,"8.成績評価の方法
対面式授業であるので、全講義時間14回のうち、10回以上の出席があること
を評価の前提とします。
そのうえで、毎回の授業で行う小テスト・課題(50%)と、定期試験(50%)
で評価します。
なお、定期試験では、電卓以外の資料その他の持ち込みは不可とします。"
税務会計論A 金子友裕,2単位,3年次,春学期,駿河台キャンパス,"8.成績評価の方法
平常点(リアクションペーパー・小テスト・レポート等):30%
程度
期末試験:70%程度"
税務会計論B 金子友裕,2単位,3年次,秋学期,駿河台キャンパス,"8.成績評価の方法
平常点(リアクションペーパー・小テスト・レポート等):30%
程度
期末試験:70%程度"
公会計論 東信男,2単位,3年次,秋学期,駿河台キャンパス,"8.成績評価の方法
授業への貢献度(20%)、課題(20%)及び期末試験(60%)により評
価する。"
NPO会計論 石津寿惠,2単位,3年次,春学期,駿河台キャンパス,"8.成績評価の方法
平常点(40%),授業時間内レポート作成(2回)(各30%)による。
期末試験はありません。"
会計史A 森田広大,2単位,1年次,春学期,駿河台キャンパス,"8.成績評価の方法
期末試験80%、リアクション・ペーパーの内容20%により、総合的に
評価する。"
会計史B 森田広大,2単位,1年次,秋学期,駿河台キャンパス,"8.成績評価の方法
期末試験80%、リアクション・ペーパーの内容20%により、総合的に
評価する。"
法人税法A 加藤友佳,2単位,3年次,春学期,駿河台キャンパス,"8.成績評価の方法
中間テスト、期末テスト、税理士ゲスト講座でのリアクションペー
パーの成績によって評価する。"
法人税法B 加藤友佳,2単位,3年次,秋学期,駿河台キャンパス,"8.成績評価の方法
中間テスト、期末テストの成績により評価します。"
会計学外国書講読A 千葉貴律,2単位,3年次,春学期,駿河台キャンパス,"8.成績評価の方法
対面式授業であるので、全講義時間14回のうち、10回以上の出席がある
ことを評価の前提とします。
そのうえで、毎回の授業で行う小テスト・課題(50%)と、定期試験(50
%)で評価します。
なお、定期試験では、電卓以外の資料その他の持ち込みは不可とします。"
会計学外国書講読B 千葉貴律,2単位,3年次,秋学期,駿河台キャンパス,"8.成績評価の方法
対面式授業であるので、全講義時間14回のうち、10回以上の出席がある
ことを評価の前提とします。
そのうえで、毎回の授業で行う小テスト・課題(50%)と、定期試験(50
%)で評価します。
なお、定期試験では、電卓以外の資料その他の持ち込みは不可とします。"
会計学外国書講読A 森田広大,2単位,3年次,春学期,駿河台キャンパス,"8.成績評価の方法
試験50%、課題(翻訳)の取り組み50%により、総合的に評価する。"
会計学外国書講読B 森田広大,2単位,3年次,秋学期,駿河台キャンパス,"8.成績評価の方法
試験50%、課題(翻訳)の取り組み50%により、総合的に評価する。"
会計学外国書講読A 森光高大,2単位,3年次,春学期,駿河台キャンパス,"8.成績評価の方法
対面形式の講義ですので、一定以上の出席を単位認定の前提としま
す。
定期試験は実施しませんが、講義内での課題への取組み40%、ディ
スカッションへの参加30%、設問への解答30%をもって、総合的に
成績評価(100%)を行います。"
会計学外国書講読B 森光高大,2単位,3年次,秋学期,駿河台キャンパス,"8.成績評価の方法
一定以上の出席があることを単位認定の要件とします。
期末試験は実施しませんが、課題への取組み(40%)、ディスカッシ
ョンへの参加(30%)、設問への解答(30%)をもって、総合的に成績
評価(100%)を行います。"
会計プロセミナーA 浅見透,2単位,1年次,春学期,駿河台キャンパス,"8.成績評価の方法
出席を前提に,各講義の終了後に配布するミニ課題(85%),期末課題
(15%)によって評価します。"
会計プロセミナーC〔M〕 小俣光文,2単位,1年次,春学期,不明,"8.成績評価の方法
毎回講義内でミニテストを実施し,毎回のミニテストの成績によ
って評価する。"
会計学特別講義A 苅米裕,2単位,1年次,秋学期,和泉キャンパス,"8.成績評価の方法
授業への貢献度(40%),中間課題レポート(30%),期末課題レ
ポート(30%)"
会計学特別講義D 大倉学,2単位,1年次,春学期,和泉キャンパス,"8.成績評価の方法
平常点(20%),レポート(10%),定期試験(70%)
平常点は数回に1度のリアクション・ペーパー提出およびディス
カッションにおける積極的姿勢を対象とする。"
Advanced Financial Accounting A〔M〕 NAKASHIMA MASUMI,不明,不明,不明,不明,"8.成績評価の方法
ClassContribution15%
Assignments35%
FinalExam60%
Noface-to-facetestingisconducted."
Advanced Financial Accounting B〔M〕 NAKASHIMA MASUMI,不明,不明,不明,不明,"8.成績評価の方法
ClassContribution15%
Assignments35%
FinalExam60%
Noface-to-facetestingisconducted."
Financial Statement Analysis A〔M〕 NAKASHIMA MASUMI,不明,不明,不明,不明,"8.成績評価の方法
Contributiontoclass:15%,Assignment:15%,Presentation:20%,
andPaper:50%.Noface-to-facetestingisconducted."
Financial Statement Analysis B〔M〕 NAKASHIMA MASUMI,不明,不明,不明,不明,"8.成績評価の方法
Contributiontoclass:15%,Assignment:15%,Presentation:20%,
andPaper:50%.Noface-to-facetestingisconducted."
行政経営論 菊地端夫,2単位,2年次,秋学期,和泉キャンパス,"8.成績評価の方法
講義への貢献度30%,レポート課題30%,期末試験40%"
行政経営戦略論 菊地端夫,2単位,3年次,春学期,駿河台キャンパス,"8.成績評価の方法
講義への貢献度30%,レポート課題30%,期末試験40%"
IntroductiontoPublicManagement 菊地端夫,2単位,3年次,秋学期,駿河台キャンパス,"8.成績評価の方法
ActiveClassParticipation:30%,GroupWorkPresentation:30%,
TermPaper:40%"
公共思想論 枝村祥平,2単位,2年次,秋学期,駿河台キャンパス,"8.成績評価の方法
・リアクションペーパー 3x14=42%
・期末テスト 58%
・ボーナスポイント課題あり"
公共歴史論 薩摩秀登,2単位,2年次,春学期,和泉キャンパス,"8.成績評価の方法
授業で出される課題:70%
期末試験あるいは期末レポート:30%"
公共表現行為論 畑中基紀,2単位,2年次,秋学期,和泉キャンパス,"8.成績評価の方法
平常点(30%。授業中に課す小レポート,グループ・ワークや討論への参加度)
+期末レポート(70%)"
生活文化論 森田直美,2単位,2年次,春学期,和泉キャンパス,"8.成績評価の方法
授業への参加態度(毎回提出する小課題の内容を含む)50%,期末テス
ト(持ち込み可の論述形式)50%
上記を目安として総合的に判断します。"
地域公共論 飯塚智規,2単位,2年次,春学期,和泉キャンパス,"8.成績評価の方法
第11回までは講義形式の座学を50分,その後にグループディスカッションを50
分行い,成果物を提出してもらう。その内容を評価する(各回10点(10%)×10
回)。第11回からのグループワークでは,第14回のプレゼン内容と提出されたワ
ークショップの成果物の内容を評価すし,第11回まで積み上げた点数に加点(ワ
ークショップへの参加が見られない場合には,減点することもある)する。試験
は行わない。"
現代健康論 鈴井正敏,2単位,2年次,春学期,和泉キャンパス,"8.成績評価の方法
レポート(60%)と期末試験(40%)により評価します。"
住まいと仕事の地理学 中澤高志,2単位,2年次,春学期,和泉キャンパス,"8.成績評価の方法
レポート3回(800字程度)×20点+最終レポート40点。"
公共セクター経済論 松野裕,2単位,3年次,春学期,駿河台キャンパス,"8.成績評価の方法
・成績は、出席点(14点)とレポート点(42点)、期末試験点(44
点)の合計により評価する。
・出席点は授業で質問用紙に質問を記入することで授業1回につき
1点が与えられる(大幅な遅刻は0.5点)。ただし、就職活動(イ
ンターンを含む)や体育会の試合、病気や怪我など、やむを得な
い理由で欠席する場合、それを証明する書類を写真に撮るなどし
て提出すれば不利にならぬように配慮する(クラスウエブを通じ
てファイルで提出すること。)。授業動画は対面授業終了後に履修
者全員に対し公開され、欠席者も見ることができる。
・レポート点は各授業のレポートを授業日の次の日曜の午後11時ま
でに提出した場合、1回につき3点が与えられる。上記期限以降
に提出した場合は2.4点が与えられる。
・レポートはワード等で作成したものを、クラスウェブを通じてフ
ァイルで提出すること。(昨季まで要求していた「手書き」は不
要。)
・レポートは、授業の内容に対する感想・意見・考察を300字以上、
書くこと。(昨季まで要求していた「授業の内容のまとめ300字
以上」は不要。)
・レポートの字数を学生本人が数え、レポートに記入すること。"
公共マーケティング論 小関隆志,2単位,3年次,秋学期,駿河台キャンパス,"8.成績評価の方法
定期試験(32%),レポート(32%),グループ・ディスカッシ
ョン(36%)の合計で成績評価します。定期試験を受験すること
が単位認定の前提となります。"
社会会計論 櫻本健,2単位,3年次,秋学期,駿河台キャンパス,"8.成績評価の方法
平常点70%,試験30%で評価します。平常点は授業内提出物
(WordやExcelでの課題)に基づきます。"
社会的企業論 中島智人,2単位,3年次,秋学期,駿河台キャンパス,"8.成績評価の方法
定期試験50%、レポート20%、授業への貢献度(授業への参加、
リアクションペーパーの内容等)30%"
NPO経営戦略論 小関隆志,2単位,3年次,春学期,駿河台キャンパス,"8.成績評価の方法
定期試験(32%),レポート(32%),グループ・ディスカッシ
ョン(36%)の合計で成績評価します。定期試験を受験すること
が単位認定の前提となります。"
ソーシャル・ファイナンス論 小関隆志,2単位,3年次,春学期,駿河台キャンパス,"8.成績評価の方法
定期試験(32%),レポート(32%),グループ・ディスカッション(36
%)の合計で成績評価します。定期試験を受験することが単位認定の前提
となります。"
協同組合学 大高研道,4単位,3年次,春学期,駿河台キャンパス,"8.成績評価の方法
試験80%、平常点20%(毎回の出席が前提となる。それゆえ、出席したからといって
加点されることはない。ただし、欠席は減点の対象となる)。"
公益事業論 大野泰資,2単位,3年次,春学期,駿河台キャンパス,"8.成績評価の方法
定期試験70%、平常点として1授業へのディスカッションへの参加の程度
15%、2各回の小テスト15%の割合で評価する。"
公共ガバナンス論A 石渡幹夫,2単位,3年次,春学期,駿河台キャンパス,"8.成績評価の方法
平常点、授業への貢献(30%)
課題(40%)
期末試験(30%)"
公共ガバナンス論B 石渡幹夫,2単位,3年次,秋学期,駿河台キャンパス,"8.成績評価の方法
平常点(出席、授業への貢献)(30%)
課題(40%)
定期試験(30%)"
地方財政論 星野泉,4単位,3年次,春学期,駿河台キャンパス,"8.成績評価の方法
授業への参加度30%、小試験30%、レポートおよび定期試験の成績40%によ
る。"
地域活性化論(講義)A 熊田知晃,2単位,2年次,春学期,和泉キャンパス,"8.成績評価の方法
授業への参画度:60%、演習への参画度:40%。詳しくは第1回授
業時に説明する。"
地域活性化論(実習)A 熊田知晃,2単位,2年次,春学期,不明,"8.成績評価の方法
現地実習への参画度:60%、事前学習(準備)・現地視察(実習)・
事後学習(報告)の各レポート:計40%、現地実習への参加した人
のみを成績評価の対象とする。詳しくは第1回授業時に説明する。"
地域活性化論(講義)B 志波早苗,2単位,2年次,秋学期,和泉キャンパス,"8.成績評価の方法
レポート(50%)、授業への参加度(50%)。
レポートは、無茶々園をよりよく理解し、体験実習が深まるような課題をテーマ
にします。
履修生自身が何よりも主体的に考え、自分なりの答えを見つけ出すことを重視し
ます。"
地域活性化論(実習)B 藤木千草,2単位,2年次,秋学期,不明,"8.成績評価の方法
授業や実習の参加姿勢とレポートの提出(50%)と事業プランの内容と発表
(50%)で成績評価します。"
公共交通と地域社会 大塚良治,2単位,3年次,春学期,駿河台キャンパス,"8.成績評価の方法
授業内小テスト100%※提出課題については、加点することがありま
す。"
観光事業論A 中島恵,2単位,3年次,春学期,駿河台キャンパス,"8.成績評価の方法
出席点0%、授業への貢献度0%,期末レポート100%。
欠席は5回まで。
6回以上欠席したら単位が取れません。
期末レポートは2冊の教科書の中から出題します。"
観光事業論B 中島恵,2単位,3年次,秋学期,駿河台キャンパス,"8.成績評価の方法
授業への貢献度0%、出席点0%、期末レポート100%。
欠席回数は5回まで。
6回欠席したら単位が取れません。"
ツーリズム・マネジメントA 佐藤郁,2単位,2年次,春学期,不明,"8.成績評価の方法
・平常点( 授業への参加度及びリアクションペーパー):50%
・試験:50%
*5回以上欠席した場合は試験の受験資格を喪失するものとする。
遅刻3回で欠席1回分とします。"
ツーリズム・マネジメントB 佐藤郁,2単位,2年次,春学期,不明,"8.成績評価の方法
・平常点( 授業への参加度及びリアクションペーパー):50%
・試験:50%
*5回以上欠席した場合は試験の受験資格を喪失するものとする。遅刻3
回で欠席1回分とします。"
TourismManagementA 佐藤郁,2単位,2年次,春学期,不明,"8.成績評価の方法
ParticipationandReactionpapers:50%
Finaltest:50%
*Ifabsent5timesormore,youarenotallowedtotakethefinaltest(you
receiveFgrade).Iflate3times,itwillbecountedas1absence(3lates=1
absence)."
TourismManagementB 佐藤郁,2単位,2年次,春学期,不明,"8.成績評価の方法
ParticipationandReactionpapers:50%
Finaltest:50%
*Ifabsent5timesormore,youarenotallowedtotakethefinaltest(you
receiveFgrade).Iflate3times,itwillbecountedas1absence(3lates=1
absence)."
国際開発論 高柳彰夫,2単位,3年次,秋学期,駿河台キャンパス,"8.成績評価の方法
期末試験,40名未満の場合:レポ―ト:100%
出欠状況に応じて加減点。"
InternationalDevelopment 高柳彰夫,2単位,3年次,秋学期,駿河台キャンパス,"8.成績評価の方法
FinalEssay80%,In-classparticipation:20%"
国際協力NGO論 重田康博,2単位,3年次,春学期,駿河台キャンパス,"8.成績評価の方法
出席・コメントシート提出10%,レポートの提出30%,定期試
験60%"
ライフスタイル・マネジメント論 鈴井正敏,2単位,3年次,秋学期,駿河台キャンパス,"8.成績評価の方法
レポート(60%)と期末試験(40%)により評価します。"
福祉マネジメント論 早川佐知子,2単位,3年次,秋学期,駿河台キャンパス,"8.成績評価の方法
小レポート(50%):授業の中で、ワークシートや小テストを実施する。
学期末試験(50%):代替レポートを課す。"
医療マネジメント論 早川佐知子,2単位,3年次,春学期,駿河台キャンパス,"8.成績評価の方法
小レポート(50%):ワークシートと小テストを課す。
学期末試験(50%):代替レポートを課す。"
自治体マネジメント論 石渡幹夫,2単位,3年次,春学期,駿河台キャンパス,"8.成績評価の方法
平常点(出席と授業への貢献)30%、課題40%、小テストと定期試験(30%)"
スポーツ・マネジメント論 田中充洋,2単位,3年次,春学期,駿河台キャンパス,"8.成績評価の方法
期末試験(80%)を実施します。また,授業への貢献度(10%)
に加え,その時々に話題となるスポーツ問題に関する
ミニレポート(10%)を加え総合的に評価します。"
スポーツマーケティング論 大野貴司,2単位,3年次,秋学期,駿河台キャンパス,"8.成績評価の方法
・小テスト 40%(8回×5点)
・リアクションペーパー 30%(6回×5点)
・3回課すプレゼンテーション(授業中にテーマを提示。1回10点) 30%
※ 期末試験、レポートは実施しない。
※ 成績は大学規定に準拠して認定する。
※ 5回以上の欠席者は自動的に単位不認定とする(4年生は6回以上)。
※ 3回公欠で欠席した学生、する予定の学生は6000字以上のスポーツマーケテ
ィングをテーマにした小論文を提出することを単位認定の要件とする(提出
にあたっては最低一度教員による研究指導を受けること)。例外は認めない。"
アウトドア組織マネジメント論 吉松梓,2単位,3年次,秋学期,駿河台キャンパス,"8.成績評価の方法
毎回の授業のリアクションシート(30%),プレゼンテーション(40
%),レポート(30%)を総合的に評価する。"
公共経営学外国書講読A 石渡幹夫,2単位,3年次,春学期,駿河台キャンパス,"8.成績評価の方法
発表(30%)、平常点(出席、議論への参加・貢献)(30%)、課題(40%)"
公共経営学外国書講読B 石渡幹夫,2単位,3年次,秋学期,駿河台キャンパス,"8.成績評価の方法
発表(30%)、平常点(出席、議論への参加・貢献)(30%)、課題(40%)"
公共経営学外国書講読A 熊田知晃,2単位,3年次,春学期,駿河台キャンパス,"8.成績評価の方法
授業への参画度:80%、レポート:20%。詳しくは第1回授業時に
説明する。"
公共経営学外国書講読B 熊田知晃,2単位,3年次,秋学期,駿河台キャンパス,"8.成績評価の方法
授業への参画度:80%、レポート:20%。詳しくは第1回授業時に
説明する。"
公共経営学外国書講読A 高巖,2単位,3年次,春学期,駿河台キャンパス,"8.成績評価の方法
授業へのコミットメント30%,試験の結果70%
授業へのコミットメントは出席と発表内容を見て評価する。な
お、「DeeplやGoogle翻訳など機械翻訳ツールを用いて得た和文を
読み上げる」のは、発表とは見なさない。自分の力で文章の構造を
理解し、読み解こうとした努力が見えるかどうかで各自の発表を評
価する。
試験の結果は、4回の試験の総合点で行う。試験の点数が全体の
70%を占めるため、毎回の試験に備え、事前準備をしっかりやる
こと。"
公共経営学外国書講読B 高巖,2単位,3年次,秋学期,駿河台キャンパス,"8.成績評価の方法
授業へのコミットメント30%,試験の結果70%
授業へのコミットメントは出席と発表内容を見て評価する。な
お、「DeeplやGoogle翻訳など機械翻訳ツールを用いて得た和文を
読み上げる」のは、発表とは見なさない。自分の力で文章の構造を
理解し、読み解こうとした努力が見えるかどうかで各自の発表を評
価する。試験の結果は、4回の試験の総合点で行う。試験の点数が
全体の70%を占めるため、毎回の試験に備え、事前準備をしっか
りやること。なお、欠席が4回を超えた場合、落第とする。"
公共経営学特別講義D 小関隆志,2単位,1年次,秋学期,駿河台キャンパス,"8.成績評価の方法
レポート 64%/グループ・ディスカッション 36%
授業内容に対するフィードバック(意見・感想)の提出(7回以上)が単位認定の
前提条件となります。
授業中の挙手質問、および優れた意見・感想には別途加点します。"
日本史概論 長沼秀明,不明,不明,春学期,駿河台キャンパス,"8.成績評価の方法
定期試験の得点および毎回の授業で提出してもらう「解答票」を
総合的に判定し,厳正に行ないます。具体的な割合は,試験の得点
55%,毎回の授業の成果45%を原則とします。"
日本史概論 清水光明,不明,不明,春学期,和泉キャンパス,"8.成績評価の方法
6つの主題の展開授業の際のカードの計6回の記述内容を、1回20点
満点で評価する。合計95点以上S、80点以上A、70~79点B、60~
69点C。50~59点の人には追加小レポートを課す。"
日本史概論 伊勢弘志,不明,不明,秋学期,和泉キャンパス,"8.成績評価の方法
レポート100%(およびプラスアルファとしてのリアクションペーパーによ
る平常点)"
東洋史概論 石野智大,不明,不明,春学期,駿河台キャンパス,"8.成績評価の方法
平常点(授業への取り組み、リアクションペーパーなど)30%、
期末試験70%"
東洋史概論 鈴木直美,不明,不明,春学期,和泉キャンパス,"8.成績評価の方法
1.小テスト(30%)・期末試験(70%)による。
(1)第6回授業で小テストを行う。
(2) 期末試験は記述式で行う。単語の羅列や意味の不明な文章は解答とみなさず、
単位を認定しない。
2.出席回数が第2回から第13回の間に9回未満の場合には単位認定の対象としない。"
西洋史概論 小野寺利行,不明,不明,春学期,駿河台キャンパス,"8.成績評価の方法
・学期末試験(70%)
・課題(30%)"
西洋史概論 小野寺利行,不明,不明,秋学期,和泉キャンパス,"8.成績評価の方法
・学期末試験(70%)
・課題(30%)"
西洋史概論 渡辺知,不明,不明,春学期,和泉キャンパス,"8.成績評価の方法
授業の区切りに授業内容のまとめや感想を書いて頂き、これを平
常点とします。学期末には試験を行い、成績はこれらの総合評価と
します(学期末試験80%、平常点20%)。"
地誌学概論 内藤芳宏,2単位,不明,春学期,和泉キャンパス,"8.成績評価の方法
毎回出席をとる。3分の1を休んだ者には単位は与えられない。成績評価は学
期末試験60%,平常点(提出物および授業への貢献度)40%等を総合的に判断する。"
人文地理学概論 髙橋珠州彦,不明,不明,春学期,和泉キャンパス,"8.成績評価の方法
最終の課題レポート:70%
毎回の小レポート:20%
授業への参画(授業内での活動やリアクションペーパー):10%
最終の課題レポートの記述内容は、本科目の受講を通した最終的な成果として重
視する。"
自然地理学概論 若松伸彦,2単位,不明,秋学期,駿河台キャンパス,"8.成績評価の方法
講義態度10%,期末試験90%で評価する。"
法律学概論 市川直子,不明,不明,秋学期,駿河台キャンパス,"8.成績評価の方法
レポート(30%)および期末試験(70%)によります。"
法律学概論 尾棹司,不明,不明,春学期,和泉キャンパス,"8.成績評価の方法
期末試験(80%)と中間レポート(20%)で評価します。"
法律学概論 石居圭,不明,不明,春学期,駿河台キャンパス,"8.成績評価の方法
期末試験50%、中間課題50%"
哲学概論 宇田川尚人,不明,不明,春学期,駿河台キャンパス,"8.成績評価の方法
この授業は、資格課程の授業ではあるが、(上述のごとく、私の「倫理学概論」の方で扱う
テーマの理論的バックグラウンドとなる、)現代思想を主に紹介する授業でもある為、受講
者が比較的少人数であることが予想される。
このため、成績評価の方法は、学生との話し合いによって決めることにしているが、例年平
常点のみでの成績評価となる可能性が高い。
但し、人数が多い場合は、(Oh-Meiji上での)課題提出(40%)と学期末レポート(60%)
で成績を評価する。
詳細は初回の授業で報告する。"
倫理学概論 宇田川尚人,不明,不明,春学期,和泉キャンパス,"8.成績評価の方法
毎回の課題(Oh-Meiji上に提出)(40%)と学期末のレポート(60%)で成績を
評価する。
また最低三分の二以上の出席と課題の提出を学期末レポート提出の最低条件と
する。
但し,駿河台校舎での授業は少人数を前提としている為,学生との話し合いに
よって平常点のみで評価する可能性がある。
詳細は初回の授業で報告する。"
日本国憲法 金子幹夫,不明,不明,秋学期,生田キャンパス,"8.成績評価の方法
毎回の授業で示すミニレポート・課題( 60%) 小テスト( 40%)"
日本国憲法 市川直子,不明,不明,春学期,中野キャンパス,"8.成績評価の方法
レポート(30%)および期末試験(70%)によります。"
日本国憲法 小出幸祐,不明,不明,春学期,和泉キャンパス,"8.成績評価の方法
成績評価は、以下のA.とB.の合計点で評価をします。
A. 知識確認問題(20%)
B, レポート(80%)
A.知識確認問題は、Oh-meijiシステムを用いて、多肢択一式問題(正
しい記述を選択肢の中から選ぶ問題)によって行います。なお、授
業第1回から第3回までは知識確認問題の試験を行いません。
B.レポート成績の評価要素として、以下の2つの面を考慮して判定
を行います。
1.形式面
・体裁が整っているか
・誤字脱字がないか
2.実質面
・法的知識の正確性
・論旨または論理的思考の一貫性"
職業指導 阿部英之助,不明,不明,秋学期,駿河台キャンパス,"8.成績評価の方法
成績評価は,平常点(授業への参加度・貢献度,発言など)15%,授業小
レポート課題15%,学期末試験70%の合計100%によって総合的に評価をし
ます。また,皆さんの積極的な関わりを期待しますが,授業に直接関係のな
い私語は厳禁とします。場合によっては,退席と評価対象外として処理させ
ていただきます。"
